Month,New family contacts (BBSOAS Child Name filled),Period
2024-09,9,before launch
2024-10,8,before launch
2024-11,3,before launch
2024-12,21,before launch
2025-01,7,before launch
2025-02,4,before launch
2025-03,31,before launch
2025-04,5,before launch
2025-05,10,before launch
2025-06,7,before launch
2025-07,13,before launch
2025-08,13,before launch
2025-09,11,launch month (21 Sep)
2025-10,10,after launch
2025-11,11,after launch
2025-12,7,after launch
2026-01,20,after launch
2026-02,11,after launch
2026-03,10,after launch
2026-04,11,after launch
2026-05,9,after launch
2026-06,9,after launch
2026-07,10,after launch
2026-08,10,after launch
2026-09,6,after launch
