Month,Clicks,Impressions,Clicks per day,Impressions per day,Avg position (impr-weighted),Period
2025-05,421,15116,15.0,540,15.0,old site
2025-06,460,15074,15.3,502,16.0,old site
2025-07,478,14548,15.4,469,15.8,old site
2025-08,400,13803,12.9,445,15.7,old site
2025-09,548,12369,18.3,412,11.9,launch month
2025-10,577,7970,18.6,257,5.4,new site
2025-11,415,7102,13.8,237,6.1,new site
2025-12,659,9297,21.3,300,5.4,new site
2026-01,762,17218,24.6,555,8.2,new site
2026-02,635,22390,22.7,800,14.0,new site
2026-03,614,14790,19.8,477,5.2,new site
2026-04,705,15880,23.5,529,6.5,new site
2026-05,489,11810,15.8,381,6.9,new site
2026-06,430,11979,14.3,399,6.0,new site
2026-07,405,11711,13.1,378,6.5,new site
2026-08,444,10825,14.3,349,7.2,new site
2026-09,256,6613,19.7,509,7.4,new site
