Metric,"Old site (4 May–20 Sep 2025, 140 days)","New site (21 Sep 2025–14 Sep 2026, 358 days)"
Clicks per day,15.2,18.4
Impressions per day,487,420
CTR,3.1%,4.4%
Average position,15.3,7.6
Average position — mobile,10.9,4.1
Average position — desktop,17.7,9.5
Pages appearing in Google,487,1034
Countries with ≥1 click,74,91
Clicks per day — USA,6.21,6.99
Clicks per day — GBR,1.7,2.82
Clicks per day — FRA,0.72,1.94
Clicks per day — DEU,0.75,1.56
Clicks per day — ITA,1.51,0.67
Clicks per day — ESP,0.36,0.4
Clicks per day — CAN,0.52,0.68
Clicks per day — AUS,0.5,0.66
