landingPagePlusQueryString,dateRange,activeUsers,newUsers,sessions,screenPageViews,engagedSessions,userEngagementDuration
/en/what-is-bbsoas,after,247,203,529,935,200,29012
/en,after,245,174,852,2436,611,44578
/en/conference,after,122,99,214,401,113,8903
/en/living-with-bbsoas,after,96,75,143,333,80,8855
(not set),after,91,0,323,0,12,2597
/en,before,57,41,123,671,87,9297
/de/what-is-bbsoas,after,41,39,66,121,27,4579
/en/organization,after,34,18,83,200,32,5998
/fr/what-is-bbsoas,after,32,26,67,110,35,5010
/en/register-a-patient,after,29,20,45,93,24,1757
/fr,after,29,19,86,300,71,8459
/en/what-is-bbsoas,before,28,25,33,63,20,1926
/en/living-with-bbsoas,before,26,21,30,135,23,5059
/es/what-is-bbsoas,after,24,17,53,107,22,6373
/en/research,after,23,14,34,71,15,1495
/de/living-with-bbsoas,after,22,20,34,91,21,2943
/en/support-us,after,22,17,27,67,23,797
/fr/living-with-bbsoas,after,18,16,22,81,15,4841
/de,after,17,8,30,88,23,3087
/en/donate,after,15,8,27,43,10,290
(not set),before,14,0,28,0,0,63
/en/conference,before,14,11,16,52,13,1704
/en/patient-count,after,13,4,29,90,15,1327
/en/publications,after,13,5,25,97,19,1845
/es/living-with-bbsoas,after,13,11,18,59,12,3170
/en/get-involved-in-bbsoas-research,after,12,2,17,51,8,1130
/it,after,11,5,55,254,43,6866
/en/news,after,9,3,18,97,14,1156
/en/contact-us,after,8,3,13,37,6,776
/en/support-groups,after,8,4,12,23,5,319
/de/conference,after,7,7,8,41,7,2300
/en/news/blog/every-diagnosis-matters,after,7,2,7,10,4,34
/fr/register-a-patient,after,7,2,11,49,7,2445
/pt-BR,after,7,4,18,43,15,2137
/en/fundraise,after,6,3,12,90,6,2438
/en/news/blog/drug-repurposing-observational-study-aug2026-update?fbclid=IwcGRvZgFmZGlkFlDbWHet1Ni6z0kfS09GklvhFNy5TXlleHRuA2FlbQIxMQBzcnRjBmFwcF9pZAo2NjI4NTY4Mzc5AAEe0FOz_HE2hw4xq5o501dW3wCE29WvME9pnrM5oUHbKySiks0x9TzdFUavPic_aem_7A4YZw849sLZU1ONJQY6wQ,after,6,5,6,7,3,6
/en/our-financials,after,6,2,11,26,3,1655
/en/resources-available-to-researchers,after,6,3,10,21,7,241
/es,after,6,4,10,35,7,1104
/fr/research,after,6,4,20,42,16,284
/en/news/blog/executive-director-opening,after,5,1,13,37,6,1062
/en/news/blog/fruit-fly-drug-repurposing-project,after,5,3,11,43,6,520
/en/news/blog/peggy-patient-1-birthday,after,5,2,6,10,4,658
/en/news/blog/two-year-post-doc?fbclid=IwdGRzaATmaSJjbGNrBOZpHnBkb2YBZXh0bgNhZW0CMTEAc3J0YwZhcHBfaWQMMzUwNjg1NTMxNzI4AAEepZ-iIBUWIxdfiFlEJdIcXaclE1wzC8rjM_eKhIFmR3V_8J1IrSHEKkFkejg_aem_799jP7ElwqYEbCQt-loV9A&sfnsn=scwspwa,after,5,4,6,8,2,0
/fr/news/blog/research-strategy-goals,after,5,0,6,11,5,821
/it/conference,after,5,4,12,160,7,5088
/it/what-is-bbsoas,after,5,5,7,15,3,440
/pt-BR/what-is-bbsoas,after,5,4,5,8,3,15
/en/donate,before,4,2,8,24,4,177
/en/news/blog,after,4,2,5,19,5,248
/en/news/blog/2026-Feb-Research-Update-Elsa,after,4,2,4,8,4,216
/en/news/blog/dont-worry-that-you-dont-know-you-will,after,4,1,4,17,3,1305
/en/news/blog/fruit-fly-drug-repurposing-update,after,4,3,5,5,1,20
/en/news/blog/patient-count-update-Nov-2025,after,4,2,7,15,5,151
/en/organization,before,4,1,5,28,4,422
/en/research,before,4,4,4,16,4,421
/en/resources-available-to-researchers,before,4,3,5,21,5,509
/fr/news/blog/first-international-bbsoas-awareness-day,after,4,1,4,4,4,569
/it/living-with-bbsoas,after,4,1,5,25,2,648
/pt-BR/living-with-bbsoas,after,4,4,5,7,3,321
/de/news/blog/2026-Feb-Research-Update-Elsa,after,3,0,4,5,3,67
/de/research,after,3,3,5,8,3,156
/de/support-groups,after,3,2,4,10,2,165
/en/conferences,after,3,2,8,21,5,130
/en/contact-us,before,3,0,3,15,3,471
/en/news,before,3,0,4,14,3,179
/en/news/blog/BBSOAS-research-2026-collection-dates,after,3,1,7,7,2,31
/en/news/blog/leadership-updates,after,3,1,5,5,1,94
/en/news/blog/two-year-post-doc,after,3,1,9,16,5,379
/en/news/blog/welcome-leora-westbrook,after,3,2,9,38,7,715
/en/partnerships,after,3,1,7,33,3,705
/en/publications,before,3,2,3,5,2,133
/en/support-us,before,3,3,4,11,3,362
/en/volunteer,after,3,1,3,7,2,42
/es,before,3,3,3,10,1,28
/es/support-us,after,3,3,7,9,3,171
/fr/contact-us,after,3,0,3,3,0,2
/fr/news/blog/first-bbsoas-cvi-clinic,after,3,2,5,8,3,221
/fr/patient-count,after,3,2,9,20,6,323
/de/news/blog/first-bbsoas-cvi-clinic,after,2,1,3,9,2,490
/de/news/blog/nr2f1-foundation-grant-for-research,after,2,1,3,3,2,39
/de/organization,after,2,0,2,2,2,93
/de/publications,after,2,1,2,4,2,153
/en/news/blog/BBSOAS-research-2026-collection-dates?fbclid=IwdGRzaARGCUNjbGNrBEYJGWV4dG4DYWVtAjExAHNydGMGYXBwX2lkDDM1MDY4NTUzMTcyOAABHoj09Qo1jU7FcnN4wcm9HkX1H0pSqNeAEgkqEkZ-krB4gKuW8aj3neWA2qnt_aem_HN7lclzC7B7J3RePd3LfWg&sfnsn=scwspwa,after,2,1,2,5,2,0
/en/news/blog/bbsoas-and-bioinformatics-analysis-discovery-update,before,2,2,5,6,1,2
/en/news/blog/introducing-molly-carrow,after,2,0,5,9,2,31
/en/news/blog/introducing-the-nr2f1-research-advisory-council,after,2,2,2,4,1,92
/en/news/blog/jennifer-coughlin-new-nr2f1-foundation-board-president,after,2,2,2,5,2,154
/en/news/blog/my-56-year-old-Daughter-Has-Just-Been-Diagnosed,after,2,1,3,7,3,296
/en/news/blog/update-from-our-bbsosas-full-time-researcher-dr-wassmer,after,2,1,2,2,1,107
/en/news?page=1,after,2,1,3,3,0,0
/en/register-a-patient,before,2,0,3,44,2,1183
/en/strategic-plan,after,2,0,4,21,4,975
/en/support-groups,before,2,1,2,32,2,672
/es/research,after,2,2,2,17,2,534
/es/support-groups,after,2,2,3,8,2,193
/fr,before,2,2,2,3,1,8
/fr/conference,after,2,2,2,4,1,11
/fr/news/blog/ebony,after,2,0,2,2,2,32
/fr/news/blog/edith-one-familys-story-with-bbsoas,after,2,0,2,3,2,410
/fr/support-groups,after,2,2,4,45,2,3080
/fr/support-us,after,2,2,2,5,2,204
/it/fundraise,after,2,0,2,73,1,1301
/it/get-involved-in-bbsoas-research,after,2,0,2,8,2,190
/it/support-groups,after,2,1,4,13,2,173
/pt-BR/learn-the-symptoms-video-series,after,2,0,2,5,2,252
/pt-BR/news/blog/a-siblings-perspective-on-rare-disease,after,2,2,2,2,2,723
/pt-BR/publications,after,2,2,2,2,0,0
/zh-CN/living-with-bbsoas,after,2,2,2,8,2,160
/de,before,1,0,1,4,1,70
/de/conference,before,1,1,1,10,1,306
/de/contact-us,after,1,0,1,1,1,1
/de/get-involved-in-bbsoas-research,after,1,1,1,1,0,0
/de/living-with-bbsoas,before,1,1,1,6,1,331
/de/news/blog/2024-family-scientific-conference-a-resounding-success,after,1,0,1,1,1,13
/de/news/blog/fruit-fly-drug-repurposing-update,after,1,1,1,3,1,32
/de/news/blog/update-from-our-bbsosas-full-time-researcher-dr-wassmer,after,1,1,1,5,1,192
/de/register-a-patient,before,1,1,1,4,1,32
/de/strategic-plan,after,1,0,1,1,0,0
/de/support-groups,before,1,1,1,5,1,85
/de/support-us,after,1,1,1,14,1,590
/de?fbclid=IwY2xjawPl96JleHRuA2FlbQIxMQBzcnRjBmFwcF9pZAwzNTA2ODU1MzE3MjgAAR4fffyaBQ0LA935CxvKC7FKaRdRgmfKAxZu8gMQidIJoJx_cBwQ0uCXBelKsQ_aem_awAQgCp5HoWVy_UUNctwDw,after,1,1,1,2,1,106
/en/2024-family-scientific-conference,after,1,1,1,1,0,0
/en/bbsoas-and-epilepsy,after,1,1,1,3,1,20
/en/bbsoas-and-epilepsy,before,1,1,1,1,0,0
/en/bbsoas-guides-las-guias-bbsoas,after,1,0,1,1,0,1
/en/category/bbsoas,before,1,1,1,1,0,4
/en/conference?fbclid=IwY2xjawOurdBleHRuA2FlbQIxMQBzcnRjBmFwcF9pZAwzNTA2ODU1MzE3MjgAAR5_I4e0OQgujBivm4HhaL2nw0wxvp2ny2ChNnRohm3-8mgcHiRN2tQ6B3IAVA_aem_j31aoXs-jALhRk5wdGjICQ,after,1,1,1,1,0,0
/en/conference?fbclid=IwY2xjawOvRzVleHRuA2FlbQIxMQBzcnRjBmFwcF9pZAwzNTA2ODU1MzE3MjgAAR5_I4e0OQgujBivm4HhaL2nw0wxvp2ny2ChNnRohm3-8mgcHiRN2tQ6B3IAVA_aem_j31aoXs-jALhRk5wdGjICQ,after,1,1,1,7,1,254
/en/conference?fbclid=IwZXh0bgNhZW0CMTEAc3J0YwZhcHBfaWQKNjYyODU2ODM3OQABHm9xLTsQUtwdk0k-P0eeWHOJjGk0zckSmIa5KQnhzXWrT_iph-kvC0zQKQcJ_aem_QQeitX11VUXeIeZzdrjg4g,after,1,1,1,3,1,0
/en/conference?fbclid=IwZXh0bgNhZW0CMTEAc3J0YwZhcHBfaWQKNjYyODU2ODM3OQABHrdOwH0eCKOERNU2-Db6l88k9EtgVYJv80h4NfAK2u8tsFmyfP3p3jy8fbGj_aem_9Gt2izlRfASl4s1wP6DL5w,after,1,1,1,1,0,0
/en/conference?fbclid=IwZXh0bgNhZW0CMTEAc3J0YwZhcHBfaWQPMTczODQ3NjQyNjcwMzcwAAEe8ViRhCHJrMaQtl_ADIbddndg0g834hA_nCGFsBLAqCFbyDYhk4u1tTmBaTQ_aem_CQ2YTYnRXsq_ufHzj4Oleg,after,1,1,1,3,1,21
/en/conference?fbclid=IwZnRzaAOypcpleHRuA2FlbQIxMQBzcnRjBmFwcF9pZAo2NjI4NTY4Mzc5AAEeBJmW-wpaeZxQpaBNooy1NfRxYYSx3rKKCZAQs4qAuxHvW0KtejLw8bjRJ4M_aem_yEe1OeVAJ7Ma--HPZRRsow,after,1,1,1,1,1,8
/en/conference?fbclid=Iwc3J0YwZhcHBfaWQKNjYyODU2ODM3OQABHrxeZSAim6YXlfrxMyxliBafwVk71kJ_XkF3KngoDs7MBYmmfru4DlcLPVz8&brid=Uh_5sRe0bGxpG3SKbIIVQw,after,1,0,1,1,1,142
/en/enb?fbclid=IwZXh0bgNhZW0CMTEAc3J0YwZhcHBfaWQKNjYyODU2ODM3OQABHtgAwaNzzBdbsgFUXYLyipGkT8Vrc4Vw-wOGbrUQ9EKaoucQQp74dfY-FYVD_aem_R25iV-gNG3g5-ebGy8Mpqg,after,1,1,1,2,1,3
/en/every-diagnosis-matters,after,1,1,1,6,1,42
/en/every-diagnosis-matters,before,1,1,1,1,0,0
/en/financials,after,1,0,1,1,1,7
/en/fundraise,before,1,0,1,15,1,183
/en/learn-the-symptoms-of-bbsoas,before,1,1,1,3,1,4
/en/living-with-bbsoas?fbclid=IwY2xjawOL6ehleHRuA2FlbQIxMQBzcnRjBmFwcF9pZAwzNTA2ODU1MzE3MjgAAR541bLa_H4I_MzDB-kHBvTEjdqXgbyd4BHWzbIEYM6hvG6F06ekJnDhroBdYg_aem_ltGu3h0tGvOLsRlJFvLNxw,after,1,0,1,1,1,0
/en/living-with-bbsoas?fbclid=IwZXh0bgNhZW0CMTEAc3J0YwZhcHBfaWQKNjYyODU2ODM3OQABHvwxIkqwHTS7_K3BPakLAELi95GgCAZFH1vhAs-xnldmxmsNTo_GTKUU-Jqh_aem_aqIBiZbByTAq5cTZHrzhlw,after,1,1,1,3,1,22
/en/news/blog/Celebrating-Contentful-Contribution-to-New-Website,after,1,1,1,1,0,0
/en/news/blog/Celebrating-Contentful-Contribution-to-New-Website,before,1,0,1,1,1,13
/en/news/blog/Meet-Student-Volunteer-Abigayle-Nafus,after,1,1,1,16,1,637
/en/news/blog/Patient Count Update – Nov 25 2025,after,1,0,1,2,1,95
/en/news/blog/bbsoas-grief-resilience-and-wonderment,after,1,0,1,3,1,284
/en/news/blog/drug-repurposing-observational-study-aug2026-update?fbclid=IwY2xjawUGrS9wZG9mAWZkaWQWUNtYd63U2LrPSR9LT0aSW-EU3LlNeWV4dG4DYWVtAjExAHNydGMGYXBwX2lkCjY2Mjg1NjgzNzkAAR7QU7P8cTaHDjGrmjnTV1bfAITb1a8wT2meszmhQdsrJKKSzTH1PN0VRq8-Jw_aem_7A4YZw849sLZU1ONJQY6wQ,after,1,1,1,5,1,140
/en/news/blog/drug-repurposing-observational-study-aug2026-update?fbclid=IwY2xjawUGsRZwZG9mAWZkaWQWUNtYd63U2LrPSR9LT0aSW-EU3LlNeWV4dG4DYWVtAjExAHNydGMGYXBwX2lkCjY2Mjg1NjgzNzkAAR7QU7P8cTaHDjGrmjnTV1bfAITb1a8wT2meszmhQdsrJKKSzTH1PN0VRq8-Jw_aem_7A4YZw849sLZU1ONJQY6wQ,after,1,1,1,1,0,0
/en/news/blog/drug-repurposing-observational-study-aug2026-update?fbclid=IwY2xjawUGttlwZG9mAWZkaWQWUNtYd63U2LrPSR9LT0aSW-EU3LlNeWV4dG4DYWVtAjExAHNydGMGYXBwX2lkCjY2Mjg1NjgzNzkAAR7QU7P8cTaHDjGrmjnTV1bfAITb1a8wT2meszmhQdsrJKKSzTH1PN0VRq8-Jw_aem_7A4YZw849sLZU1ONJQY6wQ,after,1,1,1,1,0,0
/en/news/blog/drug-repurposing-observational-study-aug2026-update?fbclid=IwdGRjcAUGskVjbGNrBQaxFnBkb2YBZmRpZBZQ21h3rdTYus9JH0tPRpJb4RTcuU15ZXh0bgNhZW0CMTEAc3J0YwZhcHBfaWQKNjYyODU2ODM3OQABHtBTs_xxNocOMauaOdNXVt8AhNvVrzBPaZ6zOaFB2yskopLNMfU83RVGrz4n_aem_7A4YZw849sLZU1ONJQY6wQ,after,1,1,1,1,0,0
/en/news/blog/drug-repurposing-observational-study-aug2026-update?fbclid=IwdGRjcAUHFp1wZG9mAWZkaWQWUNtYd63U2LrPSR9LT0aSW-EU3LlNeWV4dG4DYWVtAjExAHNydGMGYXBwX2lkCjY2Mjg1NjgzNzkAAR7QU7P8cTaHDjGrmjnTV1bfAITb1a8wT2meszmhQdsrJKKSzTH1PN0VRq8-Jw_aem_7A4YZw849sLZU1ONJQY6wQ,after,1,1,2,2,0,0
/en/news/blog/first-bbsoas-center-of-excellence,after,1,1,1,2,1,25
/en/news/blog/jennifer-coughlin-new-nr2f1-foundation-board-president,before,1,1,1,1,0,0
/en/news/blog/meet-student-volunteer-abigayle-nafus,after,1,0,3,6,2,34
/en/news/blog/nr2f1-foundation-issues-bioinformatics-analysis-grant-to-dr-laugsch,after,1,0,1,1,0,0
/en/news/blog/research-update-2025,after,1,1,2,5,1,20
/en/news/blog/tri4albert-raises-23k-for-the-nr2f1-foundation,after,1,1,1,1,0,0
/en/news/blog/two-year-post-doc?fbclid=IwY2xjawTmaR5wZG9mAWV4dG4DYWVtAjExAHNydGMGYXBwX2lkDDM1MDY4NTUzMTcyOAABHqWfoiAVFiMXX4hZRCXSHF2nJRNcMwvK4zP3ioSBZkd1f_CdSK0hxCpBZHo4_aem_799jP7ElwqYEbCQt-loV9A,after,1,1,1,1,0,0
/en/news/blog/two-year-post-doc?sfnsn=scwspmo&fbclid=IwY2xjawTmdEVwZG9mAWV4dG4DYWVtAjExAHNydGMGYXBwX2lkDDM1MDY4NTUzMTcyOAABHvhCAXeCcIIG5fL-StqAOyUQ9373YcjgGAFe0s8-RO3bCnzNIcbjDQyUSkLu_aem_8vAr0vknZdg5WAjx-GTOEg,after,1,1,1,1,1,10
/en/news/blog/two-year-post-doc?sfnsn=scwspmo&fbclid=IwY2xjawUPmRdwZG9mAWV4dG4DYWVtAjExAHNydGMGYXBwX2lkDDM1MDY4NTUzMTcyOAABHucFKHJxhqMy9PmEFDRx5lq_ciK_u8xaMARtc4X_6d97x-GDUDQIC3pbeoSQ_aem_HlJHIPiYJ94nc-OXcmdyjQ,after,1,0,1,1,1,1
/en/news/blog/undefined,after,1,1,1,2,1,6
/en/news/newsletter,after,1,1,1,2,1,29
/en/organization?fbclid=IwY2xjawQJ0hhleHRuA2FlbQIxMQBzcnRjBmFwcF9pZA80MDk5NjI2MjMwODU2MDkAAR4SAc-_eCmrJLTLApVhqM_C4hrccr2K6L93h27qT47uxbt3EYiHEnUBIgpLNw_aem_eHE4Sl0cgxGMBmzUloUagA,after,1,0,1,1,1,112
/en/our-financials,before,1,0,1,17,1,101
/en/patient-registry,after,1,1,1,5,1,143
/en/patient-registry,before,1,0,1,5,1,88
/en/privacy-policy,after,1,1,1,3,1,22
/en/strategic-plan,before,1,0,1,2,1,38
/en/support-us?fbclid=IwVERDUAQP661leHRuA2FlbQIxMQBzcnRjBmFwcF9pZAo2NjI4NTY4Mzc5AAEeZ99LtcPcEquD1Pxe3GhfqK4l4sUSLfI0pEQDlHxl98Y4CpL9ANpzr-a0HpM_aem_im5ImD-N8CBrzH1YaQOXZg,after,1,1,2,3,1,1
/en/volunteer,before,1,0,1,4,1,54
/en/what-is-bbsoas?_x_tr_sl=en&_x_tr_tl=pt&_x_tr_hl=pt&_x_tr_pto=sge&_x_tr_hist=true,after,1,1,1,2,1,0
/en/what-is-bbsoas?_x_tr_sl=en&_x_tr_tl=pt&_x_tr_hl=pt&_x_tr_pto=tc&_x_tr_hist=true,after,1,1,1,1,0,0
/en/what-is-bbsoas?fbclid=IwZXh0bgNhZW0CMTEAc3J0YwZhcHBfaWQKNjYyODU2ODM3OQABHvMMPFOzG7J0ZHx89FPGxzx7y_490urQg_os0LnYxik9hSdlAWCmtMAT-20c_aem_aDgH1xToGFC8H_B5SasGbA,after,1,1,1,1,0,0
/en/what-is-bbsoas?fbclid=IwcGRvZgVmZGlkFlC5W8I9pxAbivEHHXDzu5odMjkHgixleHRuA2FlbQIxMQBzcnRjBmFwcF9pZAo2NjI4NTY4Mzc5AAEes8GALdyWzGEC5_SMPyG3yW9UKl063XX7cDSng775xnxe6P0C069vUKyU138_aem__vjHUW2BCM0Wa2XT2reqvg,after,1,1,1,1,0,0
/en/what-is-bbsoas?fbclid=PAZXh0bgNhZW0CMTEAc3J0YwZhcHBfaWQPMTI0MDI0NTc0Mjg3NDE0AAGn1vE287ldccbVWAhNTss2QXp1_8V2ocPy_9s3tDvvXT-nbfZClpOR7ytikYs_aem_DMnya0D8I9IFgyf1JQ5mbw,after,1,0,1,1,0,0
/en/what-is-bbsoas?fbclid=PAZXh0bgNhZW0CMTEAc3J0YwZhcHBfaWQPMTI0MDI0NTc0Mjg3NDE0AAGnKKygDm1u6eJxdwItWx75ozrtvpFFHRY9wHaaFlTQx3vV4jRTaO0MjKeEGeI_aem__sRGcBnMGK9vdn2nk9F4bQ,after,1,0,1,1,0,0
/en/what-is-bbsoas?fbclid=PAZXh0bgNhZW0CMTEAc3J0YwZhcHBfaWQPMTI0MDI0NTc0Mjg3NDE0AAGnkyGn1GAdEfTP0o1tc8VfCoY5G8bUY2Spbl0U58uxbAQtVIgwBfMwMpBIdms_aem_Y5heGeXFhtV8gnTuAUcfUA,after,1,1,1,1,0,0
/en/what-is-bbsoas?fbclid=PAZXh0bgNhZW0CMTEAc3J0YwZhcHBfaWQPMTI0MDI0NTc0Mjg3NDE0AAGnxaeDLFdQ0mOXwh3U5BEf213QfSb6kHSzILqVj8aaiGFYmqvkdDmtmhShk-c_aem_jOlLSj1OxpLNSoZQ-Um-2g,after,1,1,1,1,0,0
/en?fbclid=IwRlRTSARdi2lleHRuA2FlbQIxMABzcnRjBmFwcF9pZAo2NjI4NTY4Mzc5AAEeAJXS-td1uDPOaIusGUSAsqMoWo-BCKKwi59zRWri6exFHzTo5jm2ocMgzqI_aem_jDEjtZwSZH5LBHn3EcgdVQ,after,1,1,1,2,1,1
/en?fbclid=IwY2xjawMtHIxleHRuA2FlbQIxMQABHvbsoHlkaV_PdYf_yHt98DebwyySak_thKTzZ6ZaW5Di1JWOXRPr92964aAh_aem_yfnU6wZmrScCfhehWIyjdg,before,1,0,1,2,1,0
/en?fbclid=IwY2xjawMxL5VleHRuA2FlbQIxMQABHhjvOhNtgjXEeCCvbdR3vR-wWOLRF_6z4pCWaZ-At3OLqeYqlbdS15p_H1TQ_aem_Dc4NN9eIl2F7ZAUYw4t3cA,before,1,0,1,5,1,139
/en?fbclid=IwY2xjawNnW4ZleHRuA2FlbQIxMQABHi2-1gSfovTE7kUK7KDnYoN-pGjbHpTYxckb3qskVYIOmcNR1M6kqnpXL8G7_aem_9NoKqGjm1yonBzD3igZ01A,after,1,0,1,2,1,1
/en?fbclid=IwY2xjawOhgMFleHRuA2FlbQIxMQBzcnRjBmFwcF9pZAwzNTA2ODU1MzE3MjgAAR7c062Udg7b3reFwwHXzKKoO_XvBNU3CkFc3_nXE0jswxki90ihgsGNXQACOQ_aem_Irv0lrjgv01btXc5QRvwEQ,after,1,0,1,2,1,128
/en?fbclid=IwY2xjawPfehRleHRuA2FlbQIxMQBzcnRjBmFwcF9pZA80MDk5NjI2MjMwODU2MDkAAR6BHEoPQ2jaFhvIY0albXxMZtIgXVv9VMBK59urttjMVPTt3B-lMXY3i3Xy1Q_aem_Y5ann6S8oJT816gNf1WBag,after,1,1,1,3,1,0
/en?fbclid=IwY2xjawTiOzlwZG9mBWV4dG4DYWVtAjExAHNydGMGYXBwX2lkDDM1MDY4NTUzMTcyOAABHpsh5_oZk25HcKVaDUShDt2AvktP-MZB7UzHtgTl7jVNE1DzuuGVsQ9gyyZ2_aem_IiY_4cnxfLsyzhOIJr_E6Q,after,1,1,1,3,1,362
/en?fbclid=IwY2xjawTiRl1wZG9mBWV4dG4DYWVtAjExAHNydGMGYXBwX2lkDDM1MDY4NTUzMTcyOAABHkmJGqPWMiTWhSzu7x7QVyn68E7geZaijIxrL95tDhTcgySqtpB3vClNH1J0_aem_mIM03S2HOluakby_o1WEAQ,after,1,0,1,6,1,241
/en?fbclid=IwZXh0bgNhZW0CMTEAAR4VMaVjq_TyTDVU4CbjiZ51pmyOfSKE0I3U8fVH-WCQlk7h8uDLZlWr73dYwA_aem_UStR1cuYMCp-f1dImJY9vw,after,1,1,1,8,1,960
/en?fbclid=IwZXh0bgNhZW0CMTEAAR6UPoJqC02bdBpziq8vbxShBlZHPAYFzV9ouDeK9Hy9S11yd-A41-RgaLXFAA_aem_GjOMR1C_yoiTExxHQWyjkg,before,1,1,1,1,1,0
/en?fbclid=IwZXh0bgNhZW0CMTEAAR6nGxAPGzOg86FfEJ-pzN3AnULslmnKZkJgwaHHaFE7xxSqjmD8N6bKLe1Lfw_aem_wrBDiD5MfsnvD0Eh59pvmg,before,1,1,1,1,0,0
/en?fbclid=IwZXh0bgNhZW0CMTEAAR7gdtTm6_pq6ktcSp0josFAcRpp_t4c9Kix3omDOmF3lQ4iVZTRu8MHdii0Tg_aem_ctJObmn3akOLsrNN8d6uvA,before,1,1,1,1,0,0
/en?fbclid=IwZXh0bgNhZW0CMTEAc3J0YwZhcHBfaWQKNjYyODU2ODM3OQABHhcBqe3NvBcofj8Lwnc6iOWJq4tbUccirbf2ybozFJqvhUSPnB6j_7aVadQG_aem_vWsNbFFfmYL5Bf6lCn2J6w,after,1,1,1,2,1,9
/en?fbclid=IwZXh0bgNhZW0CMTEAc3J0YwZhcHBfaWQKNjYyODU2ODM3OQABHjBPs_YRNHhDqpy4CxM7EETajhunOA5svAnA0_rKKO3N9FT9lLwzLmHgKSrM_aem_JQqqfxSUB232XP6ViWcPJA,after,1,1,1,2,1,127
/en?fbclid=IwZXh0bgNhZW0CMTEAc3J0YwZhcHBfaWQKNjYyODU2ODM3OQABHl8szhI6sBjZyMicSQUH8iBIu78PO0r-JGjd8HXILyDTnULT8Am1GI6UFKJJ_aem_F3pI9jaVixl66tL32Xo4Hg,after,1,1,1,2,1,23
/en?fbclid=IwZXh0bgNhZW0CMTEAc3J0YwZhcHBfaWQKNjYyODU2ODM3OQABHlfekPEy75-r5HrA_QhrGJrvSZ0_9MLIYBJ5_SOgBevPwi_TaQ5Evyed2Bdd_aem_w9mZzexnUWEizAPy0PYAlQ,after,1,0,1,1,0,0
/en?fbclid=IwZXh0bgNhZW0CMTEAc3J0YwZhcHBfaWQKNjYyODU2ODM3OQABHmffS7XD3BKrg9T8XtxoX6iuJeLFEi3yNKREA5R8ZffGOAqS_QDac6_mtB6T_aem_im5ImD-N8CBrzH1YaQOXZg,after,1,0,2,2,0,0
/en?fbclid=IwZXh0bgNhZW0CMTEAc3J0YwZhcHBfaWQKNjYyODU2ODM3OQABHmm91Wde-mdl7Vy7XXWBtRYl4IvrA_RWPH7v4WJqudJA8UxYjbtg2yIPQqAo_aem_I3_V0KZblnHL1CaYUCgwCg,after,1,0,1,2,1,116
/en?fbclid=IwZXh0bgNhZW0CMTEAc3J0YwZhcHBfaWQKNjYyODU2ODM3OQABHoWs-A0CDJyhd5FybTSRm8E-yjeCpCJBTLUuHu2y2IEyHWcWIRS-OFsk6hC6_aem_ktkjQ-lAKcsJm5qfLmwBcA,after,1,1,1,1,0,0
/en?fbclid=IwZXh0bgNhZW0CMTEAc3J0YwZhcHBfaWQKNjYyODU2ODM3OQABHtG2sAZfVFf9n3mRGLmbOpYSDIsj20OS-k49xM-XSLl6Zgwm0IG5eRtXh85u_aem_eVIECgdwfp8OxqB8-L52oA,after,1,1,1,1,0,0
/en?fbclid=IwZXh0bgNhZW0CMTEAc3J0YwZhcHBfaWQKNjYyODU2ODM3OQABHu4DRVl0TtqNWeO0Ak_IQscN08ucqWxPrCwgI2bXdsiqQ5DFfGfmUxd_ujkJ_aem_sQ071uYOaqECf0u7FjTFEg,after,1,1,1,2,1,0
/en?fbclid=IwZXh0bgNhZW0CMTEAc3J0YwZhcHBfaWQKNjYyODU2ODM3OQABHupBEDfcwpWokIbUy1kWmG1hfFzBxtj1HSa1xLwNhmfa3jDX3RDNABqdaUJa_aem_LAYApwWXZTbY6kMOAj4I3A,after,1,1,1,7,1,1
/en?fbclid=PAcGRvZgJleHRuA2FlbQIxMQBzcnRjBmFwcF9pZA8xMjQwMjQ1NzQyODc0MTQAAacdcNhro01yoi-s9Yg082RchIPhwDYmCRzWsEH5itVbx2RJelyhGmJ3DsCqQA_aem_UN0Rb_yTmceZjLxqiJHH3g,after,1,1,1,1,1,0
/en?gtm_debug=1756973402156,before,1,1,1,1,0,0
/es/conference,after,1,1,1,2,1,167
/es/news,after,1,0,1,7,1,106
/es/news/blog,after,1,1,1,4,1,353
/es/news/blog/first-bbsoas-cvi-clinic,after,1,0,1,21,1,924
/es/news/blog/nr2f1-foundation-grant-for-research,after,1,0,1,1,1,46
/es/news/blog/nr2f1-foundation-issues-bioinformatics-analysis-grant-to-dr-laugsch,after,1,1,3,3,3,193
/es/register-a-patient,after,1,0,2,2,1,278
/es/register-a-patient,before,1,1,1,1,0,0
/es/support-us,before,1,1,1,7,1,672
/es?fbclid=IwY2xjawRXhu5leHRuA2FlbQIxMQBzcnRjBmFwcF9pZAwzNTA2ODU1MzE3MjgAAR4sJwMFOGFmf3mCe8AkwpSbkU0Wj0ERFL9epOwMZKh8SaX-mLtXViiBvIYynA_aem_cFQx84q97vTeE-69La_PZQ,after,1,0,1,2,1,67
/fr/conference?gtm_debug=1757021184834,before,1,0,1,3,1,3
/fr/fundraise,after,1,0,1,6,1,72
/fr/get-involved-in-bbsoas-research,before,1,0,1,9,1,137
/fr/living-with-bbsoas,before,1,1,1,5,1,215
/fr/living-with-bbsoas?fbclid=IwY2xjawN51UhleHRuA2FlbQIxMQBzcnRjBmFwcF9pZAwzNTA2ODU1MzE3MjgAAR7Ecfh0ccGnyeCZW8Cgh8eYrYQFlXGq6lWLPbdaZxXmYTY-x0_OSzbw4MZyBQ_aem_8ICrEVYmk20lBrtqzzgcPw,after,1,1,1,3,1,13
/fr/living-with-bbsoas?fbclid=IwY2xjawOC2ANleHRuA2FlbQIxMQBzcnRjBmFwcF9pZAwzNTA2ODU1MzE3MjgAAR4pDC6mCc86RXu8CEW2QODYPkBDR5jTszHz9SKPlyvXgk1C_S4HkfhodG9z2w_aem_AvbTCkCKeebyN3c1DvNnkA,after,1,1,1,1,0,0
/fr/living-with-bbsoas?fbclid=IwZXh0bgNhZW0CMTEAc3J0YwZhcHBfaWQKNjYyODU2ODM3OQABHkotV2buSOBw7JZm_u4TNf8K_5Znl8yTk_aLXr_z3E8enMKWGE6RFlsSfHBx_aem_guBdyX_IVf1Ht6Yt3pEgEQ&brid=MnOcEMf3u32X6GFrLwm74w,after,1,1,1,5,1,509
/fr/living-with-bbsoas?fbclid=Iwb21leAN48wdjbGNrA3jy9mV4dG4DYWVtAjExAHNydGMGYXBwX2lkDDM1MDY4NTUzMTcyOAABHjMjrIrECAy6KUFeTfkg_uLm0THAzR6lNKUy3G8GWmBUF3MRurRiMbaP9yLu_aem_Ye6jtfP87R__q9F5LPt2Ag,after,1,1,1,2,1,0
/fr/living-with-bbsoas?fbclid=Iwb21leAN4m7RjbGNrA3ia2mV4dG4DYWVtAjExAHNydGMGYXBwX2lkDDM1MDY4NTUzMTcyOAABHuEn8ac3CRHq-8O7VU_dMcbhZNEEZLakibwkM9ycj1VV_JOWa3qOhZeZfM-E_aem_yxLTD18jVYLxBS0oQgbi0w,after,1,1,1,9,1,154
/fr/news/blog/2025-BioRepository-Dates-and-Locations,after,1,1,1,5,1,149
/fr/news/blog/2026-Feb-Research-Update-Elsa,after,1,0,1,13,1,409
/fr/news/blog/nr2f1-foundation-is-a-new-member-of-the-rare-epilepsy-network,after,1,1,1,2,1,31
/fr/news/blog/nr2f1-research-fundraising-campaign,after,1,1,1,1,1,7
/fr/news/blog/two-year-post-doc,after,1,0,1,1,0,0
/fr/news/blog/update-from-our-bbsosas-full-time-researcher-dr-wassmer,after,1,1,2,2,0,2
/fr/news/newsletter,after,1,1,1,3,1,430
/fr/news?page=7,after,1,0,1,2,1,9
/fr/organization,after,1,0,5,12,3,28
/fr/partnerships,after,1,0,11,19,6,241
/fr/research-strategy-goals,after,1,0,1,4,1,61
/fr/strategic-plan,after,1,0,1,6,1,555
/fr/what-is-bbsoas,before,1,1,1,1,0,0
/fr?fbclid=IwY2xjawPnNglleHRuA2FlbQIxMQBzcnRjBmFwcF9pZAwzNTA2ODU1MzE3MjgAAR5_gqHD4zR6Yu6nSoN68xIR37-WcDWigB1nsju9o3xNfxer_hs5Tmt8tLoj_w_aem_scP6nMMjMfwqdHG-3Lfp9g,after,1,1,1,2,1,16
/fr?gtm_debug=1757079644103,before,1,0,1,1,0,0
/it/news/blog/BBSOAS-research-2026-collection-dates,after,1,0,1,5,1,42
/it/news/blog/Celebrating-Contentful-Contribution-to-New-Website,after,1,0,1,1,0,4
/it/news/blog/first-international-bbsoas-awareness-day,after,1,1,1,2,1,13
/it/news/blog/irish-para-athlete-diagnosed-with-bbsoas,after,1,1,1,2,1,0
/it/news/blog/leadership-updates,after,1,1,1,1,0,0
/it/news/blog/research-update-2025,after,1,1,1,11,1,653
/it/news/blog/two-year-post-doc,after,1,0,7,11,5,207
/it/organization,after,1,0,1,3,1,24
/it/patient-count,after,1,0,1,6,1,73
/it/publications,after,1,0,1,7,1,131
/it/register-a-patient,after,1,0,1,9,1,38
/it/research,after,1,0,1,8,1,302
/it/research-strategy-and-roadmap-for-nr2f1,after,1,0,1,3,1,123
/it/resources-available-to-researchers,after,1,0,1,17,1,681
/it/support-us,after,1,0,2,15,2,447
/pt-BR/bbsoas-and-vision-impairment,after,1,0,1,11,1,279
/pt-BR/news/blog/baking-a-big-impact,after,1,0,1,1,1,99
/pt-BR/news/blog/drug-repurposing-observational-study-aug2026-update,after,1,0,1,1,0,0
/pt-BR/news/blog/jennifer-coughlin-new-nr2f1-foundation-board-president,after,1,1,1,1,0,0
/pt-BR/news/blog/nr2f1-scientific-conference-for-families-was-a-success,after,1,1,1,4,1,64
/pt-BR/trip-bbsoas-fundraiser,after,1,0,1,4,1,41
/zh-CN,after,1,0,3,9,2,913
/zh-CN/news/blog/2026-Feb-Research-Update-Elsa,after,1,0,2,8,2,1090
/zh-CN/news/blog/executive-director-opening,after,1,0,1,5,1,27
/zh-CN/support-groups,after,1,1,1,5,1,77
/zh-CN/what-is-bbsoas,after,1,1,2,2,1,2
/de/contact-us,before,0,0,0,0,0,0
/de/get-involved-in-bbsoas-research,before,0,0,0,0,0,0
/de/news/blog/2024-family-scientific-conference-a-resounding-success,before,0,0,0,0,0,0
/de/news/blog/2026-Feb-Research-Update-Elsa,before,0,0,0,0,0,0
/de/news/blog/first-bbsoas-cvi-clinic,before,0,0,0,0,0,0
/de/news/blog/fruit-fly-drug-repurposing-update,before,0,0,0,0,0,0
/de/news/blog/nr2f1-foundation-grant-for-research,before,0,0,0,0,0,0
/de/news/blog/update-from-our-bbsosas-full-time-researcher-dr-wassmer,before,0,0,0,0,0,0
/de/organization,before,0,0,0,0,0,0
/de/patient-count,after,0,0,2,2,0,0
/de/patient-count,before,0,0,0,0,0,0
/de/publications,before,0,0,0,0,0,0
/de/register-a-patient,after,0,0,0,0,0,0
/de/research,before,0,0,0,0,0,0
/de/strategic-plan,before,0,0,0,0,0,0
/de/support-us,before,0,0,0,0,0,0
/de/what-is-bbsoas,before,0,0,0,0,0,0
/de?fbclid=IwY2xjawPl96JleHRuA2FlbQIxMQBzcnRjBmFwcF9pZAwzNTA2ODU1MzE3MjgAAR4fffyaBQ0LA935CxvKC7FKaRdRgmfKAxZu8gMQidIJoJx_cBwQ0uCXBelKsQ_aem_awAQgCp5HoWVy_UUNctwDw,before,0,0,0,0,0,0
/en/2024-family-scientific-conference,before,0,0,0,0,0,0
/en/bbsoas-guides-las-guias-bbsoas,before,0,0,0,0,0,0
/en/category/bbsoas,after,0,0,0,0,0,0
/en/conference?fbclid=IwY2xjawOurdBleHRuA2FlbQIxMQBzcnRjBmFwcF9pZAwzNTA2ODU1MzE3MjgAAR5_I4e0OQgujBivm4HhaL2nw0wxvp2ny2ChNnRohm3-8mgcHiRN2tQ6B3IAVA_aem_j31aoXs-jALhRk5wdGjICQ,before,0,0,0,0,0,0
/en/conference?fbclid=IwY2xjawOvRzVleHRuA2FlbQIxMQBzcnRjBmFwcF9pZAwzNTA2ODU1MzE3MjgAAR5_I4e0OQgujBivm4HhaL2nw0wxvp2ny2ChNnRohm3-8mgcHiRN2tQ6B3IAVA_aem_j31aoXs-jALhRk5wdGjICQ,before,0,0,0,0,0,0
/en/conference?fbclid=IwZXh0bgNhZW0CMTEAc3J0YwZhcHBfaWQKNjYyODU2ODM3OQABHm9xLTsQUtwdk0k-P0eeWHOJjGk0zckSmIa5KQnhzXWrT_iph-kvC0zQKQcJ_aem_QQeitX11VUXeIeZzdrjg4g,before,0,0,0,0,0,0
/en/conference?fbclid=IwZXh0bgNhZW0CMTEAc3J0YwZhcHBfaWQKNjYyODU2ODM3OQABHrdOwH0eCKOERNU2-Db6l88k9EtgVYJv80h4NfAK2u8tsFmyfP3p3jy8fbGj_aem_9Gt2izlRfASl4s1wP6DL5w,before,0,0,0,0,0,0
/en/conference?fbclid=IwZXh0bgNhZW0CMTEAc3J0YwZhcHBfaWQPMTczODQ3NjQyNjcwMzcwAAEe8ViRhCHJrMaQtl_ADIbddndg0g834hA_nCGFsBLAqCFbyDYhk4u1tTmBaTQ_aem_CQ2YTYnRXsq_ufHzj4Oleg,before,0,0,0,0,0,0
/en/conference?fbclid=IwZnRzaAOypcpleHRuA2FlbQIxMQBzcnRjBmFwcF9pZAo2NjI4NTY4Mzc5AAEeBJmW-wpaeZxQpaBNooy1NfRxYYSx3rKKCZAQs4qAuxHvW0KtejLw8bjRJ4M_aem_yEe1OeVAJ7Ma--HPZRRsow,before,0,0,0,0,0,0
/en/conference?fbclid=Iwc3J0YwZhcHBfaWQKNjYyODU2ODM3OQABHrxeZSAim6YXlfrxMyxliBafwVk71kJ_XkF3KngoDs7MBYmmfru4DlcLPVz8&brid=Uh_5sRe0bGxpG3SKbIIVQw,before,0,0,0,0,0,0
/en/conferences,before,0,0,0,0,0,0
/en/enb?fbclid=IwZXh0bgNhZW0CMTEAc3J0YwZhcHBfaWQKNjYyODU2ODM3OQABHtgAwaNzzBdbsgFUXYLyipGkT8Vrc4Vw-wOGbrUQ9EKaoucQQp74dfY-FYVD_aem_R25iV-gNG3g5-ebGy8Mpqg,before,0,0,0,0,0,0
/en/every-diagnosis-matters?fbclid=IwY2xjawM0DqxleHRuA2FlbQIxMQABHsnEUKqpQR2xg-no8UnQiY7M7AANnjgjrgWqQ_SHc0b_OqWR3qhw8nfwfDQY_aem_4atLepBBlE2GJ8hsuvcE7g,after,0,0,0,0,0,0
/en/every-diagnosis-matters?fbclid=IwY2xjawM0DqxleHRuA2FlbQIxMQABHsnEUKqpQR2xg-no8UnQiY7M7AANnjgjrgWqQ_SHc0b_OqWR3qhw8nfwfDQY_aem_4atLepBBlE2GJ8hsuvcE7g,before,0,0,1,1,0,0
/en/financials,before,0,0,0,0,0,0
/en/get-involved-in-bbsoas-research,before,0,0,0,0,0,0
/en/learn-the-symptoms-of-bbsoas,after,0,0,0,0,0,0
/en/library-of-research-publications,after,0,0,1,1,0,0
/en/library-of-research-publications,before,0,0,0,0,0,0
/en/living-with-bbsoas?fbclid=IwY2xjawOL6ehleHRuA2FlbQIxMQBzcnRjBmFwcF9pZAwzNTA2ODU1MzE3MjgAAR541bLa_H4I_MzDB-kHBvTEjdqXgbyd4BHWzbIEYM6hvG6F06ekJnDhroBdYg_aem_ltGu3h0tGvOLsRlJFvLNxw,before,0,0,0,0,0,0
/en/living-with-bbsoas?fbclid=IwZXh0bgNhZW0CMTEAc3J0YwZhcHBfaWQKNjYyODU2ODM3OQABHvwxIkqwHTS7_K3BPakLAELi95GgCAZFH1vhAs-xnldmxmsNTo_GTKUU-Jqh_aem_aqIBiZbByTAq5cTZHrzhlw,before,0,0,0,0,0,0
/en/news/blog,before,0,0,0,0,0,0
/en/news/blog/2026-Feb-Research-Update-Elsa,before,0,0,0,0,0,0
/en/news/blog/BBSOAS-research-2026-collection-dates,before,0,0,0,0,0,0
/en/news/blog/BBSOAS-research-2026-collection-dates?fbclid=IwdGRzaARGCUNjbGNrBEYJGWV4dG4DYWVtAjExAHNydGMGYXBwX2lkDDM1MDY4NTUzMTcyOAABHoj09Qo1jU7FcnN4wcm9HkX1H0pSqNeAEgkqEkZ-krB4gKuW8aj3neWA2qnt_aem_HN7lclzC7B7J3RePd3LfWg&sfnsn=scwspwa,before,0,0,0,0,0,0
/en/news/blog/Meet-Student-Volunteer-Abigayle-Nafus,before,0,0,0,0,0,0
/en/news/blog/Patient Count Update – Nov 25 2025,before,0,0,0,0,0,0
/en/news/blog/bbsoas-and-bioinformatics-analysis-discovery-update,after,0,0,0,0,0,0
/en/news/blog/bbsoas-grief-resilience-and-wonderment,before,0,0,0,0,0,0
/en/news/blog/dont-worry-that-you-dont-know-you-will,before,0,0,0,0,0,0
/en/news/blog/drug-repurposing-observational-study-aug2026-update,after,0,0,1,1,0,0
/en/news/blog/drug-repurposing-observational-study-aug2026-update,before,0,0,0,0,0,0
/en/news/blog/drug-repurposing-observational-study-aug2026-update?fbclid=IwY2xjawUGrS9wZG9mAWZkaWQWUNtYd63U2LrPSR9LT0aSW-EU3LlNeWV4dG4DYWVtAjExAHNydGMGYXBwX2lkCjY2Mjg1NjgzNzkAAR7QU7P8cTaHDjGrmjnTV1bfAITb1a8wT2meszmhQdsrJKKSzTH1PN0VRq8-Jw_aem_7A4YZw849sLZU1ONJQY6wQ,before,0,0,0,0,0,0
/en/news/blog/drug-repurposing-observational-study-aug2026-update?fbclid=IwY2xjawUGsRZwZG9mAWZkaWQWUNtYd63U2LrPSR9LT0aSW-EU3LlNeWV4dG4DYWVtAjExAHNydGMGYXBwX2lkCjY2Mjg1NjgzNzkAAR7QU7P8cTaHDjGrmjnTV1bfAITb1a8wT2meszmhQdsrJKKSzTH1PN0VRq8-Jw_aem_7A4YZw849sLZU1ONJQY6wQ,before,0,0,0,0,0,0
/en/news/blog/drug-repurposing-observational-study-aug2026-update?fbclid=IwY2xjawUGttlwZG9mAWZkaWQWUNtYd63U2LrPSR9LT0aSW-EU3LlNeWV4dG4DYWVtAjExAHNydGMGYXBwX2lkCjY2Mjg1NjgzNzkAAR7QU7P8cTaHDjGrmjnTV1bfAITb1a8wT2meszmhQdsrJKKSzTH1PN0VRq8-Jw_aem_7A4YZw849sLZU1ONJQY6wQ,before,0,0,0,0,0,0
/en/news/blog/drug-repurposing-observational-study-aug2026-update?fbclid=IwcGRvZgFmZGlkFlDbWHet1Ni6z0kfS09GklvhFNy5TXlleHRuA2FlbQIxMQBzcnRjBmFwcF9pZAo2NjI4NTY4Mzc5AAEe0FOz_HE2hw4xq5o501dW3wCE29WvME9pnrM5oUHbKySiks0x9TzdFUavPic_aem_7A4YZw849sLZU1ONJQY6wQ,before,0,0,0,0,0,0
/en/news/blog/drug-repurposing-observational-study-aug2026-update?fbclid=IwdGRjcAUGskVjbGNrBQaxFnBkb2YBZmRpZBZQ21h3rdTYus9JH0tPRpJb4RTcuU15ZXh0bgNhZW0CMTEAc3J0YwZhcHBfaWQKNjYyODU2ODM3OQABHtBTs_xxNocOMauaOdNXVt8AhNvVrzBPaZ6zOaFB2yskopLNMfU83RVGrz4n_aem_7A4YZw849sLZU1ONJQY6wQ,before,0,0,0,0,0,0
/en/news/blog/drug-repurposing-observational-study-aug2026-update?fbclid=IwdGRjcAUHFp1wZG9mAWZkaWQWUNtYd63U2LrPSR9LT0aSW-EU3LlNeWV4dG4DYWVtAjExAHNydGMGYXBwX2lkCjY2Mjg1NjgzNzkAAR7QU7P8cTaHDjGrmjnTV1bfAITb1a8wT2meszmhQdsrJKKSzTH1PN0VRq8-Jw_aem_7A4YZw849sLZU1ONJQY6wQ,before,0,0,0,0,0,0
/en/news/blog/every-diagnosis-matters,before,0,0,0,0,0,0
/en/news/blog/executive-director-opening,before,0,0,0,0,0,0
/en/news/blog/first-bbsoas-center-of-excellence,before,0,0,0,0,0,0
/en/news/blog/fruit-fly-drug-repurposing-project,before,0,0,0,0,0,0
/en/news/blog/fruit-fly-drug-repurposing-update,before,0,0,0,0,0,0
/en/news/blog/introducing-molly-carrow,before,0,0,0,0,0,0
/en/news/blog/introducing-the-nr2f1-research-advisory-council,before,0,0,0,0,0,0
/en/news/blog/leadership-updates,before,0,0,0,0,0,0
/en/news/blog/meet-student-volunteer-abigayle-nafus,before,0,0,0,0,0,0
/en/news/blog/my-56-year-old-Daughter-Has-Just-Been-Diagnosed,before,0,0,0,0,0,0
/en/news/blog/nr2f1-foundation-issues-bioinformatics-analysis-grant-to-dr-laugsch,before,0,0,0,0,0,0
/en/news/blog/patient-count-update-Nov-2025,before,0,0,0,0,0,0
/en/news/blog/peggy-patient-1-birthday,before,0,0,0,0,0,0
/en/news/blog/research-update-2025,before,0,0,0,0,0,0
/en/news/blog/tri4albert-raises-23k-for-the-nr2f1-foundation,before,0,0,0,0,0,0
/en/news/blog/two-year-post-doc,before,0,0,0,0,0,0
/en/news/blog/two-year-post-doc?fbclid=IwY2xjawTmaR5wZG9mAWV4dG4DYWVtAjExAHNydGMGYXBwX2lkDDM1MDY4NTUzMTcyOAABHqWfoiAVFiMXX4hZRCXSHF2nJRNcMwvK4zP3ioSBZkd1f_CdSK0hxCpBZHo4_aem_799jP7ElwqYEbCQt-loV9A,before,0,0,0,0,0,0
/en/news/blog/two-year-post-doc?fbclid=IwcGRvZgVmZGlkFlC-uBZLnx3tzasUvWpD4loBRhh-lNdleHRuA2FlbQIxMQBzcnRjBmFwcF9pZAo2NjI4NTY4Mzc5AAEe549tZJR_KDeM7REjxIYFeCXfNo7jZNhPoEZ1rLAyYTPC_wuwYPCAfonYZWw_aem_BYn54KYAaTAFkhJDCLlyTw,after,0,0,1,1,0,0
/en/news/blog/two-year-post-doc?fbclid=IwcGRvZgVmZGlkFlC-uBZLnx3tzasUvWpD4loBRhh-lNdleHRuA2FlbQIxMQBzcnRjBmFwcF9pZAo2NjI4NTY4Mzc5AAEe549tZJR_KDeM7REjxIYFeCXfNo7jZNhPoEZ1rLAyYTPC_wuwYPCAfonYZWw_aem_BYn54KYAaTAFkhJDCLlyTw,before,0,0,0,0,0,0
/en/news/blog/two-year-post-doc?fbclid=IwdGRzaATmaSJjbGNrBOZpHnBkb2YBZXh0bgNhZW0CMTEAc3J0YwZhcHBfaWQMMzUwNjg1NTMxNzI4AAEepZ-iIBUWIxdfiFlEJdIcXaclE1wzC8rjM_eKhIFmR3V_8J1IrSHEKkFkejg_aem_799jP7ElwqYEbCQt-loV9A&sfnsn=scwspwa,before,0,0,0,0,0,0
/en/news/blog/two-year-post-doc?sfnsn=scwspmo&fbclid=IwY2xjawTmdEVwZG9mAWV4dG4DYWVtAjExAHNydGMGYXBwX2lkDDM1MDY4NTUzMTcyOAABHvhCAXeCcIIG5fL-StqAOyUQ9373YcjgGAFe0s8-RO3bCnzNIcbjDQyUSkLu_aem_8vAr0vknZdg5WAjx-GTOEg,before,0,0,0,0,0,0
/en/news/blog/two-year-post-doc?sfnsn=scwspmo&fbclid=IwY2xjawUPmRdwZG9mAWV4dG4DYWVtAjExAHNydGMGYXBwX2lkDDM1MDY4NTUzMTcyOAABHucFKHJxhqMy9PmEFDRx5lq_ciK_u8xaMARtc4X_6d97x-GDUDQIC3pbeoSQ_aem_HlJHIPiYJ94nc-OXcmdyjQ,before,0,0,0,0,0,0
/en/news/blog/undefined,before,0,0,0,0,0,0
/en/news/blog/update-from-our-bbsosas-full-time-researcher-dr-wassmer,before,0,0,0,0,0,0
/en/news/blog/welcome-leora-westbrook,before,0,0,0,0,0,0
/en/news/newsletter,before,0,0,0,0,0,0
/en/news?page=1,before,0,0,0,0,0,0
/en/news?page=8,after,0,0,1,1,0,0
/en/news?page=8,before,0,0,0,0,0,0
/en/organization?fbclid=IwY2xjawQJ0hhleHRuA2FlbQIxMQBzcnRjBmFwcF9pZA80MDk5NjI2MjMwODU2MDkAAR4SAc-_eCmrJLTLApVhqM_C4hrccr2K6L93h27qT47uxbt3EYiHEnUBIgpLNw_aem_eHE4Sl0cgxGMBmzUloUagA,before,0,0,0,0,0,0
/en/partnerships,before,0,0,0,0,0,0
/en/patient-count,before,0,0,0,0,0,0
/en/press,after,0,0,1,1,0,0
/en/press,before,0,0,0,0,0,0
/en/privacy-policy,before,0,0,0,0,0,0
/en/strategic-plan-for-2023-2027,after,0,0,1,1,0,0
/en/strategic-plan-for-2023-2027,before,0,0,0,0,0,0
/en/support-us?fbclid=IwVERDUAQP661leHRuA2FlbQIxMQBzcnRjBmFwcF9pZAo2NjI4NTY4Mzc5AAEeZ99LtcPcEquD1Pxe3GhfqK4l4sUSLfI0pEQDlHxl98Y4CpL9ANpzr-a0HpM_aem_im5ImD-N8CBrzH1YaQOXZg,before,0,0,0,0,0,0
/en/what-is-bbsoas?_x_tr_sl=en&_x_tr_tl=pt&_x_tr_hl=pt&_x_tr_pto=sge&_x_tr_hist=true,before,0,0,0,0,0,0
/en/what-is-bbsoas?_x_tr_sl=en&_x_tr_tl=pt&_x_tr_hl=pt&_x_tr_pto=tc&_x_tr_hist=true,before,0,0,0,0,0,0
/en/what-is-bbsoas?fbclid=IwZXh0bgNhZW0CMTEAc3J0YwZhcHBfaWQKNjYyODU2ODM3OQABHvMMPFOzG7J0ZHx89FPGxzx7y_490urQg_os0LnYxik9hSdlAWCmtMAT-20c_aem_aDgH1xToGFC8H_B5SasGbA,before,0,0,0,0,0,0
/en/what-is-bbsoas?fbclid=IwcGRvZgVmZGlkFlC5W8I9pxAbivEHHXDzu5odMjkHgixleHRuA2FlbQIxMQBzcnRjBmFwcF9pZAo2NjI4NTY4Mzc5AAEes8GALdyWzGEC5_SMPyG3yW9UKl063XX7cDSng775xnxe6P0C069vUKyU138_aem__vjHUW2BCM0Wa2XT2reqvg,before,0,0,0,0,0,0
/en/what-is-bbsoas?fbclid=PAZXh0bgNhZW0CMTEAc3J0YwZhcHBfaWQPMTI0MDI0NTc0Mjg3NDE0AAGn1vE287ldccbVWAhNTss2QXp1_8V2ocPy_9s3tDvvXT-nbfZClpOR7ytikYs_aem_DMnya0D8I9IFgyf1JQ5mbw,before,0,0,0,0,0,0
/en/what-is-bbsoas?fbclid=PAZXh0bgNhZW0CMTEAc3J0YwZhcHBfaWQPMTI0MDI0NTc0Mjg3NDE0AAGnEsGcx1CSQA-xGeV_Wk7qR_Kjmp9e_B7WE9tCHWpjXE7ZOm6zEiMFPHYhmuo_aem__3kuQF0ZRbCEcSkgKyPfyQ,after,0,0,1,1,1,0
/en/what-is-bbsoas?fbclid=PAZXh0bgNhZW0CMTEAc3J0YwZhcHBfaWQPMTI0MDI0NTc0Mjg3NDE0AAGnEsGcx1CSQA-xGeV_Wk7qR_Kjmp9e_B7WE9tCHWpjXE7ZOm6zEiMFPHYhmuo_aem__3kuQF0ZRbCEcSkgKyPfyQ,before,0,0,0,0,0,0
/en/what-is-bbsoas?fbclid=PAZXh0bgNhZW0CMTEAc3J0YwZhcHBfaWQPMTI0MDI0NTc0Mjg3NDE0AAGnKKygDm1u6eJxdwItWx75ozrtvpFFHRY9wHaaFlTQx3vV4jRTaO0MjKeEGeI_aem__sRGcBnMGK9vdn2nk9F4bQ,before,0,0,0,0,0,0
/en/what-is-bbsoas?fbclid=PAZXh0bgNhZW0CMTEAc3J0YwZhcHBfaWQPMTI0MDI0NTc0Mjg3NDE0AAGnkyGn1GAdEfTP0o1tc8VfCoY5G8bUY2Spbl0U58uxbAQtVIgwBfMwMpBIdms_aem_Y5heGeXFhtV8gnTuAUcfUA,before,0,0,0,0,0,0
/en/what-is-bbsoas?fbclid=PAZXh0bgNhZW0CMTEAc3J0YwZhcHBfaWQPMTI0MDI0NTc0Mjg3NDE0AAGnxaeDLFdQ0mOXwh3U5BEf213QfSb6kHSzILqVj8aaiGFYmqvkdDmtmhShk-c_aem_jOlLSj1OxpLNSoZQ-Um-2g,before,0,0,0,0,0,0
/en?fbclid=IwRlRTSARdi2lleHRuA2FlbQIxMABzcnRjBmFwcF9pZAo2NjI4NTY4Mzc5AAEeAJXS-td1uDPOaIusGUSAsqMoWo-BCKKwi59zRWri6exFHzTo5jm2ocMgzqI_aem_jDEjtZwSZH5LBHn3EcgdVQ,before,0,0,0,0,0,0
/en?fbclid=IwY2xjawMtHIxleHRuA2FlbQIxMQABHvbsoHlkaV_PdYf_yHt98DebwyySak_thKTzZ6ZaW5Di1JWOXRPr92964aAh_aem_yfnU6wZmrScCfhehWIyjdg,after,0,0,0,0,0,0
/en?fbclid=IwY2xjawMtIYxleHRuA2FlbQIxMQABHpAWp9bowXat5qVfJ5s8LU2oDMbAR4__KoKf55gwGeF76WFkOBLyqCXodaF7_aem_uzPt2sN4s8sfbhSDHAj0gg,after,0,0,0,0,0,0
/en?fbclid=IwY2xjawMtIYxleHRuA2FlbQIxMQABHpAWp9bowXat5qVfJ5s8LU2oDMbAR4__KoKf55gwGeF76WFkOBLyqCXodaF7_aem_uzPt2sN4s8sfbhSDHAj0gg,before,0,0,1,1,0,0
/en?fbclid=IwY2xjawMw6DVleHRuA2FlbQIxMQABHjUeq2cY8Neb_xM-ytWCKEApkdeOIsC4l1Z9Y8HQB53qVeFfjELf3f-mAMGE_aem_PNdLIJb7LC7_FPMnbwG4Tw,after,0,0,0,0,0,0
/en?fbclid=IwY2xjawMw6DVleHRuA2FlbQIxMQABHjUeq2cY8Neb_xM-ytWCKEApkdeOIsC4l1Z9Y8HQB53qVeFfjELf3f-mAMGE_aem_PNdLIJb7LC7_FPMnbwG4Tw,before,0,0,1,1,0,0
/en?fbclid=IwY2xjawMxL5VleHRuA2FlbQIxMQABHhjvOhNtgjXEeCCvbdR3vR-wWOLRF_6z4pCWaZ-At3OLqeYqlbdS15p_H1TQ_aem_Dc4NN9eIl2F7ZAUYw4t3cA,after,0,0,0,0,0,0
/en?fbclid=IwY2xjawNnW4ZleHRuA2FlbQIxMQABHi2-1gSfovTE7kUK7KDnYoN-pGjbHpTYxckb3qskVYIOmcNR1M6kqnpXL8G7_aem_9NoKqGjm1yonBzD3igZ01A,before,0,0,0,0,0,0
/en?fbclid=IwY2xjawOhgMFleHRuA2FlbQIxMQBzcnRjBmFwcF9pZAwzNTA2ODU1MzE3MjgAAR7c062Udg7b3reFwwHXzKKoO_XvBNU3CkFc3_nXE0jswxki90ihgsGNXQACOQ_aem_Irv0lrjgv01btXc5QRvwEQ,before,0,0,0,0,0,0
/en?fbclid=IwY2xjawPfehRleHRuA2FlbQIxMQBzcnRjBmFwcF9pZA80MDk5NjI2MjMwODU2MDkAAR6BHEoPQ2jaFhvIY0albXxMZtIgXVv9VMBK59urttjMVPTt3B-lMXY3i3Xy1Q_aem_Y5ann6S8oJT816gNf1WBag,before,0,0,0,0,0,0
/en?fbclid=IwY2xjawREB-NleHRuA2FlbQIxMQBzcnRjBmFwcF9pZAwzNTA2ODU1MzE3MjgAAR7NXW3tETxCnQsgvD0zhRpeZGHdrMoQOcBFq4ClGOHJAtgThcCnZr9cEyq6Cw_aem_VLvlGusVS9CxIgnhd5e07w,after,0,0,1,1,0,0
/en?fbclid=IwY2xjawREB-NleHRuA2FlbQIxMQBzcnRjBmFwcF9pZAwzNTA2ODU1MzE3MjgAAR7NXW3tETxCnQsgvD0zhRpeZGHdrMoQOcBFq4ClGOHJAtgThcCnZr9cEyq6Cw_aem_VLvlGusVS9CxIgnhd5e07w,before,0,0,0,0,0,0
/en?fbclid=IwY2xjawTiOzlwZG9mBWV4dG4DYWVtAjExAHNydGMGYXBwX2lkDDM1MDY4NTUzMTcyOAABHpsh5_oZk25HcKVaDUShDt2AvktP-MZB7UzHtgTl7jVNE1DzuuGVsQ9gyyZ2_aem_IiY_4cnxfLsyzhOIJr_E6Q,before,0,0,0,0,0,0
/en?fbclid=IwY2xjawTiRl1wZG9mBWV4dG4DYWVtAjExAHNydGMGYXBwX2lkDDM1MDY4NTUzMTcyOAABHkmJGqPWMiTWhSzu7x7QVyn68E7geZaijIxrL95tDhTcgySqtpB3vClNH1J0_aem_mIM03S2HOluakby_o1WEAQ,before,0,0,0,0,0,0
/en?fbclid=IwZXh0bgNhZW0CMTEAAR4VMaVjq_TyTDVU4CbjiZ51pmyOfSKE0I3U8fVH-WCQlk7h8uDLZlWr73dYwA_aem_UStR1cuYMCp-f1dImJY9vw,before,0,0,0,0,0,0
/en?fbclid=IwZXh0bgNhZW0CMTEAAR6UPoJqC02bdBpziq8vbxShBlZHPAYFzV9ouDeK9Hy9S11yd-A41-RgaLXFAA_aem_GjOMR1C_yoiTExxHQWyjkg,after,0,0,0,0,0,0
/en?fbclid=IwZXh0bgNhZW0CMTEAAR6nGxAPGzOg86FfEJ-pzN3AnULslmnKZkJgwaHHaFE7xxSqjmD8N6bKLe1Lfw_aem_wrBDiD5MfsnvD0Eh59pvmg,after,0,0,0,0,0,0
/en?fbclid=IwZXh0bgNhZW0CMTEAAR7gdtTm6_pq6ktcSp0josFAcRpp_t4c9Kix3omDOmF3lQ4iVZTRu8MHdii0Tg_aem_ctJObmn3akOLsrNN8d6uvA,after,0,0,0,0,0,0
/en?fbclid=IwZXh0bgNhZW0CMTEAc3J0YwZhcHBfaWQKNjYyODU2ODM3OQABHhcBqe3NvBcofj8Lwnc6iOWJq4tbUccirbf2ybozFJqvhUSPnB6j_7aVadQG_aem_vWsNbFFfmYL5Bf6lCn2J6w,before,0,0,0,0,0,0
/en?fbclid=IwZXh0bgNhZW0CMTEAc3J0YwZhcHBfaWQKNjYyODU2ODM3OQABHjBPs_YRNHhDqpy4CxM7EETajhunOA5svAnA0_rKKO3N9FT9lLwzLmHgKSrM_aem_JQqqfxSUB232XP6ViWcPJA,before,0,0,0,0,0,0
/en?fbclid=IwZXh0bgNhZW0CMTEAc3J0YwZhcHBfaWQKNjYyODU2ODM3OQABHl8szhI6sBjZyMicSQUH8iBIu78PO0r-JGjd8HXILyDTnULT8Am1GI6UFKJJ_aem_F3pI9jaVixl66tL32Xo4Hg,before,0,0,0,0,0,0
/en?fbclid=IwZXh0bgNhZW0CMTEAc3J0YwZhcHBfaWQKNjYyODU2ODM3OQABHlfekPEy75-r5HrA_QhrGJrvSZ0_9MLIYBJ5_SOgBevPwi_TaQ5Evyed2Bdd_aem_w9mZzexnUWEizAPy0PYAlQ,before,0,0,0,0,0,0
/en?fbclid=IwZXh0bgNhZW0CMTEAc3J0YwZhcHBfaWQKNjYyODU2ODM3OQABHmffS7XD3BKrg9T8XtxoX6iuJeLFEi3yNKREA5R8ZffGOAqS_QDac6_mtB6T_aem_im5ImD-N8CBrzH1YaQOXZg,before,0,0,0,0,0,0
/en?fbclid=IwZXh0bgNhZW0CMTEAc3J0YwZhcHBfaWQKNjYyODU2ODM3OQABHmm91Wde-mdl7Vy7XXWBtRYl4IvrA_RWPH7v4WJqudJA8UxYjbtg2yIPQqAo_aem_I3_V0KZblnHL1CaYUCgwCg,before,0,0,0,0,0,0
/en?fbclid=IwZXh0bgNhZW0CMTEAc3J0YwZhcHBfaWQKNjYyODU2ODM3OQABHoWs-A0CDJyhd5FybTSRm8E-yjeCpCJBTLUuHu2y2IEyHWcWIRS-OFsk6hC6_aem_ktkjQ-lAKcsJm5qfLmwBcA,before,0,0,0,0,0,0
/en?fbclid=IwZXh0bgNhZW0CMTEAc3J0YwZhcHBfaWQKNjYyODU2ODM3OQABHtG2sAZfVFf9n3mRGLmbOpYSDIsj20OS-k49xM-XSLl6Zgwm0IG5eRtXh85u_aem_eVIECgdwfp8OxqB8-L52oA,before,0,0,0,0,0,0
/en?fbclid=IwZXh0bgNhZW0CMTEAc3J0YwZhcHBfaWQKNjYyODU2ODM3OQABHu4DRVl0TtqNWeO0Ak_IQscN08ucqWxPrCwgI2bXdsiqQ5DFfGfmUxd_ujkJ_aem_sQ071uYOaqECf0u7FjTFEg,before,0,0,0,0,0,0
/en?fbclid=IwZXh0bgNhZW0CMTEAc3J0YwZhcHBfaWQKNjYyODU2ODM3OQABHupBEDfcwpWokIbUy1kWmG1hfFzBxtj1HSa1xLwNhmfa3jDX3RDNABqdaUJa_aem_LAYApwWXZTbY6kMOAj4I3A,before,0,0,0,0,0,0
/en?fbclid=PAcGRvZgJleHRuA2FlbQIxMQBzcnRjBmFwcF9pZA8xMjQwMjQ1NzQyODc0MTQAAacdcNhro01yoi-s9Yg082RchIPhwDYmCRzWsEH5itVbx2RJelyhGmJ3DsCqQA_aem_UN0Rb_yTmceZjLxqiJHH3g,before,0,0,0,0,0,0
/en?gtm_debug=1756973402156,after,0,0,0,0,0,0
/es/conference,before,0,0,0,0,0,0
/es/living-with-bbsoas,before,0,0,0,0,0,0
/es/news,before,0,0,0,0,0,0
/es/news/blog,before,0,0,0,0,0,0
/es/news/blog/first-bbsoas-cvi-clinic,before,0,0,0,0,0,0
/es/news/blog/nr2f1-foundation-grant-for-research,before,0,0,0,0,0,0
/es/news/blog/nr2f1-foundation-issues-bioinformatics-analysis-grant-to-dr-laugsch,before,0,0,0,0,0,0
/es/research,before,0,0,0,0,0,0
/es/support-groups,before,0,0,0,0,0,0
/es/what-is-bbsoas,before,0,0,0,0,0,0
/es?fbclid=IwY2xjawRXhu5leHRuA2FlbQIxMQBzcnRjBmFwcF9pZAwzNTA2ODU1MzE3MjgAAR4sJwMFOGFmf3mCe8AkwpSbkU0Wj0ERFL9epOwMZKh8SaX-mLtXViiBvIYynA_aem_cFQx84q97vTeE-69La_PZQ,before,0,0,0,0,0,0
/fr/conference,before,0,0,0,0,0,0
/fr/conference?gtm_debug=1757021184834,after,0,0,0,0,0,0
/fr/contact-us,before,0,0,0,0,0,0
/fr/fundraise,before,0,0,0,0,0,0
/fr/get-involved-in-bbsoas-research,after,0,0,0,0,0,0
/fr/living-with-bbsoas?fbclid=IwY2xjawN4k5NleHRuA2FlbQIxMQBzcnRjBmFwcF9pZAwzNTA2ODU1MzE3MjgAAR6JcNga_JRlW0jNqfJbgnRjQPGFJm23DhL3pohiOC0rVrQfAlAKPgOUjNvYQA_aem_2R-cJ9g4j85-4JY6S09v0w,after,0,0,1,1,0,0
/fr/living-with-bbsoas?fbclid=IwY2xjawN4k5NleHRuA2FlbQIxMQBzcnRjBmFwcF9pZAwzNTA2ODU1MzE3MjgAAR6JcNga_JRlW0jNqfJbgnRjQPGFJm23DhL3pohiOC0rVrQfAlAKPgOUjNvYQA_aem_2R-cJ9g4j85-4JY6S09v0w,before,0,0,0,0,0,0
/fr/living-with-bbsoas?fbclid=IwY2xjawN51UhleHRuA2FlbQIxMQBzcnRjBmFwcF9pZAwzNTA2ODU1MzE3MjgAAR7Ecfh0ccGnyeCZW8Cgh8eYrYQFlXGq6lWLPbdaZxXmYTY-x0_OSzbw4MZyBQ_aem_8ICrEVYmk20lBrtqzzgcPw,before,0,0,0,0,0,0
/fr/living-with-bbsoas?fbclid=IwY2xjawOC2ANleHRuA2FlbQIxMQBzcnRjBmFwcF9pZAwzNTA2ODU1MzE3MjgAAR4pDC6mCc86RXu8CEW2QODYPkBDR5jTszHz9SKPlyvXgk1C_S4HkfhodG9z2w_aem_AvbTCkCKeebyN3c1DvNnkA,before,0,0,0,0,0,0
/fr/living-with-bbsoas?fbclid=IwZXh0bgNhZW0CMTEAc3J0YwZhcHBfaWQKNjYyODU2ODM3OQABHkotV2buSOBw7JZm_u4TNf8K_5Znl8yTk_aLXr_z3E8enMKWGE6RFlsSfHBx_aem_guBdyX_IVf1Ht6Yt3pEgEQ&brid=MnOcEMf3u32X6GFrLwm74w,before,0,0,0,0,0,0
/fr/living-with-bbsoas?fbclid=Iwb21leAN48wdjbGNrA3jy9mV4dG4DYWVtAjExAHNydGMGYXBwX2lkDDM1MDY4NTUzMTcyOAABHjMjrIrECAy6KUFeTfkg_uLm0THAzR6lNKUy3G8GWmBUF3MRurRiMbaP9yLu_aem_Ye6jtfP87R__q9F5LPt2Ag,before,0,0,0,0,0,0
/fr/living-with-bbsoas?fbclid=Iwb21leAN4m7RjbGNrA3ia2mV4dG4DYWVtAjExAHNydGMGYXBwX2lkDDM1MDY4NTUzMTcyOAABHuEn8ac3CRHq-8O7VU_dMcbhZNEEZLakibwkM9ycj1VV_JOWa3qOhZeZfM-E_aem_yxLTD18jVYLxBS0oQgbi0w,before,0,0,0,0,0,0
/fr/news/blog/2021-research-update,after,0,0,1,1,0,0
/fr/news/blog/2021-research-update,before,0,0,0,0,0,0
/fr/news/blog/2025-BioRepository-Dates-and-Locations,before,0,0,0,0,0,0
/fr/news/blog/2026-Feb-Research-Update-Elsa,before,0,0,0,0,0,0
/fr/news/blog/ebony,before,0,0,0,0,0,0
/fr/news/blog/edith-one-familys-story-with-bbsoas,before,0,0,0,0,0,0
/fr/news/blog/first-bbsoas-cvi-clinic,before,0,0,0,0,0,0
/fr/news/blog/first-international-bbsoas-awareness-day,before,0,0,0,0,0,0
/fr/news/blog/nr2f1-foundation-is-a-new-member-of-the-rare-epilepsy-network,before,0,0,0,0,0,0
/fr/news/blog/nr2f1-research-fundraising-campaign,before,0,0,0,0,0,0
/fr/news/blog/patient-count-update-Nov-2025,after,0,0,2,2,0,0
/fr/news/blog/patient-count-update-Nov-2025,before,0,0,0,0,0,0
/fr/news/blog/peggy-patient-1-birthday,after,0,0,1,1,0,0
/fr/news/blog/peggy-patient-1-birthday,before,0,0,0,0,0,0
/fr/news/blog/research-strategy-goals,before,0,0,0,0,0,0
/fr/news/blog/two-year-post-doc,before,0,0,0,0,0,0
/fr/news/blog/update-from-our-bbsosas-full-time-researcher-dr-wassmer,before,0,0,0,0,0,0
/fr/news/newsletter,before,0,0,0,0,0,0
/fr/news?page=7,before,0,0,0,0,0,0
/fr/organization,before,0,0,0,0,0,0
/fr/partnerships,before,0,0,0,0,0,0
/fr/patient-count,before,0,0,0,0,0,0
/fr/register-a-patient,before,0,0,1,1,0,0
/fr/research,before,0,0,0,0,0,0
/fr/research-strategy-goals,before,0,0,0,0,0,0
/fr/resources-available-to-researchers,after,0,0,1,1,0,0
/fr/resources-available-to-researchers,before,0,0,0,0,0,0
/fr/strategic-plan,before,0,0,0,0,0,0
/fr/support-groups,before,0,0,0,0,0,0
/fr/support-us,before,0,0,0,0,0,0
/fr?fbclid=IwY2xjawPnNglleHRuA2FlbQIxMQBzcnRjBmFwcF9pZAwzNTA2ODU1MzE3MjgAAR5_gqHD4zR6Yu6nSoN68xIR37-WcDWigB1nsju9o3xNfxer_hs5Tmt8tLoj_w_aem_scP6nMMjMfwqdHG-3Lfp9g,before,0,0,0,0,0,0
/fr?gtm_debug=1757079644103,after,0,0,0,0,0,0
/it,before,0,0,0,0,0,0
/it/conference,before,0,0,0,0,0,0
/it/fundraise,before,0,0,0,0,0,0
/it/get-involved-in-bbsoas-research,before,0,0,0,0,0,0
/it/living-with-bbsoas,before,0,0,0,0,0,0
/it/news/blog/BBSOAS-research-2026-collection-dates,before,0,0,0,0,0,0
/it/news/blog/Celebrating-Contentful-Contribution-to-New-Website,before,0,0,0,0,0,0
/it/news/blog/first-international-bbsoas-awareness-day,before,0,0,0,0,0,0
/it/news/blog/irish-para-athlete-diagnosed-with-bbsoas,before,0,0,0,0,0,0
/it/news/blog/leadership-updates,before,0,0,0,0,0,0
/it/news/blog/research-update-2025,before,0,0,0,0,0,0
/it/news/blog/two-year-post-doc,before,0,0,0,0,0,0
/it/organization,before,0,0,0,0,0,0
/it/patient-count,before,0,0,0,0,0,0
/it/publications,before,0,0,0,0,0,0
/it/register-a-patient,before,0,0,0,0,0,0
/it/research,before,0,0,0,0,0,0
/it/research-strategy-and-roadmap-for-nr2f1,before,0,0,0,0,0,0
/it/resources-available-to-researchers,before,0,0,0,0,0,0
/it/support-groups,before,0,0,0,0,0,0
/it/support-us,before,0,0,0,0,0,0
/it/what-is-bbsoas,before,0,0,0,0,0,0
/pt-BR,before,0,0,0,0,0,0
/pt-BR/bbsoas-and-vision-impairment,before,0,0,0,0,0,0
/pt-BR/learn-the-symptoms-video-series,before,0,0,0,0,0,0
/pt-BR/living-with-bbsoas,before,0,0,0,0,0,0
/pt-BR/management-of-bbsoas,after,0,0,1,1,0,0
/pt-BR/management-of-bbsoas,before,0,0,0,0,0,0
/pt-BR/news/blog/a-siblings-perspective-on-rare-disease,before,0,0,0,0,0,0
/pt-BR/news/blog/baking-a-big-impact,before,0,0,0,0,0,0
/pt-BR/news/blog/drug-repurposing-observational-study-aug2026-update,before,0,0,0,0,0,0
/pt-BR/news/blog/jennifer-coughlin-new-nr2f1-foundation-board-president,before,0,0,0,0,0,0
/pt-BR/news/blog/nr2f1-scientific-conference-for-families-was-a-success,before,0,0,0,0,0,0
/pt-BR/publications,before,0,0,0,0,0,0
/pt-BR/trip-bbsoas-fundraiser,before,0,0,0,0,0,0
/pt-BR/what-is-bbsoas,before,0,0,0,0,0,0
/zh-CN,before,0,0,0,0,0,0
/zh-CN/living-with-bbsoas,before,0,0,0,0,0,0
/zh-CN/news/blog/2026-Feb-Research-Update-Elsa,before,0,0,0,0,0,0
/zh-CN/news/blog/executive-director-opening,before,0,0,0,0,0,0
/zh-CN/support-groups,before,0,0,0,0,0,0
/zh-CN/what-is-bbsoas,before,0,0,0,0,0,0
