pagePath,dateRange,activeUsers,newUsers,sessions,screenPageViews,engagedSessions,userEngagementDuration
/en/what-is-bbsoas,after,344,209,746,903,388,26948
/en,after,326,186,1096,1396,774,11735
/en/conference,after,174,105,417,510,287,14702
/en/living-with-bbsoas,after,167,76,288,445,212,12779
/en/register-a-patient,after,95,20,164,192,136,9433
/en/organization,after,84,18,292,344,204,11069
/en,before,77,45,177,306,126,2095
/en/research,after,67,14,119,142,90,4998
/de/what-is-bbsoas,after,56,39,89,105,48,4454
/en/support-us,after,52,18,83,117,75,1787
/en/donate,after,49,8,129,140,104,2602
/fr/what-is-bbsoas,after,48,26,109,131,72,5525
/en/news,after,47,4,123,256,113,5037
/en/what-is-bbsoas,before,47,25,71,120,55,3145
/en/support-groups,after,44,4,65,75,57,2112
/en/patient-count,after,40,4,86,97,65,2101
/en/living-with-bbsoas,before,39,21,53,91,45,3014
/en/publications,after,37,5,74,119,62,2748
/fr,after,37,20,102,123,85,709
/fr/living-with-bbsoas,after,35,21,50,89,40,4390
/en/resources-available-to-researchers,after,34,3,60,64,49,2813
/es/what-is-bbsoas,after,33,17,68,91,37,5760
/de,after,31,9,50,67,41,1053
/en/contact-us,after,30,3,51,54,40,1573
/en/get-involved-in-bbsoas-research,after,30,2,60,76,49,1696
/de/living-with-bbsoas,after,29,20,43,73,30,2486
/en/fundraise,after,28,3,51,88,44,3206
/en/strategic-plan,after,23,0,38,50,36,2262
/en/conference,before,21,11,32,73,29,2331
/es,after,21,4,30,44,27,746
/fr/register-a-patient,after,21,2,36,39,30,1446
/en/news/blog/2026-Feb-Research-Update-Elsa,after,17,2,23,22,20,706
/en/news/blog/two-year-post-doc,after,17,7,32,31,19,305
/en/organization,before,17,1,32,41,28,1994
/en/our-financials,after,17,2,36,41,25,792
/it,after,17,5,72,101,54,2141
/en/news/blog/BBSOAS-research-2026-collection-dates,after,16,2,25,24,19,507
/es/living-with-bbsoas,after,16,11,27,54,20,1567
/en/donate,before,15,2,30,54,25,910
/en/news/blog/patient-count-update-Nov-2025,after,15,2,40,49,34,970
/en/partnerships,after,15,1,28,40,22,1044
/en/support-groups,before,15,1,21,31,20,947
/en/news,before,14,0,26,98,24,1785
/de/support-groups,after,13,2,17,19,15,751
/en/news/blog/drug-repurposing-observational-study-aug2026-update,after,13,10,17,17,5,111
/en/news/blog/fruit-fly-drug-repurposing-update,after,13,3,19,33,11,524
/en/register-a-patient,before,13,0,22,64,20,1247
/en/research,before,13,4,14,25,14,694
/it/what-is-bbsoas,after,13,5,29,39,23,1150
/de/conference,after,12,7,19,28,18,653
/en/support-us,before,12,3,19,24,18,303
/en/volunteer,after,12,1,19,35,17,644
/pt-BR,after,12,4,27,36,22,590
/en/news/blog/leadership-updates,after,11,1,16,17,11,261
/en/news/blog/welcome-leora-westbrook,after,11,2,26,35,22,401
/de/research,after,10,3,15,17,13,710
/en/news/blog/every-diagnosis-matters,after,10,2,22,24,18,253
/en/publications,before,10,2,16,25,15,361
/fr/conference,after,10,2,15,20,14,1931
/it/conference,after,10,4,25,35,17,1108
/it/register-a-patient,after,10,0,13,25,12,1005
/pt-BR/what-is-bbsoas,after,10,4,14,15,10,305
/de/register-a-patient,after,9,0,12,15,12,957
/en/news/blog/introducing-molly-carrow,after,9,0,13,22,10,260
/en/news/blog/peggy-patient-1-birthday,after,9,2,11,13,9,793
/en/news/blog/research-update-2025,after,9,1,13,20,12,229
/fr/news,after,9,0,17,53,17,2668
/fr/organization,after,9,0,33,35,30,1247
/fr/research,after,9,4,38,41,31,901
/it/living-with-bbsoas,after,9,1,15,25,12,303
/it/news,after,9,0,11,21,11,407
/en/fundraise,before,8,0,12,17,12,516
/en/news/blog/every-diagnosis-matters,before,8,0,12,16,11,331
/en/news/blog/fruit-fly-drug-repurposing-project,after,8,3,15,21,9,139
/en/resources-available-to-researchers,before,8,3,13,17,13,385
/en/volunteer,before,8,0,10,13,10,410
/es/conference,after,8,1,11,14,11,697
/es/register-a-patient,after,8,0,10,12,9,1144
/de/news,after,7,0,7,18,7,1444
/de/organization,after,7,0,8,10,8,667
/en/contact-us,before,7,0,15,33,15,238
/en/news/blog/executive-director-opening,after,7,1,23,24,12,94
/en/news/newsletter,before,7,0,9,8,8,27
/es,before,7,3,7,12,5,75
/es/research,after,7,2,9,10,8,859
/it/organization,after,7,0,17,22,15,751
/de,before,6,0,7,8,7,124
/de/get-involved-in-bbsoas-research,after,6,1,11,14,10,544
/en/strategic-plan,before,6,0,14,17,13,235
/es/support-groups,after,6,2,7,7,6,348
/fr/contact-us,after,6,0,10,9,6,431
/fr/patient-count,after,6,2,12,15,9,233
/fr/strategic-plan,after,6,0,6,7,6,258
/fr/support-groups,after,6,2,13,13,9,521
/it/contact-us,after,6,0,8,8,8,504
/de/contact-us,after,5,0,6,6,6,143
/en/news/blog,after,5,2,6,10,6,95
/en/news/blog/update-from-our-bbsosas-full-time-researcher-dr-wassmer,after,5,1,5,6,4,185
/en/our-financials,before,5,0,8,9,8,118
/fr,before,5,2,6,7,4,11
/fr/donate,after,5,0,12,20,12,870
/fr/news/blog/research-strategy-goals,after,5,0,6,11,5,821
/fr/support-us,after,5,2,8,10,8,217
/it/news/blog/2026-Feb-Research-Update-Elsa,after,5,0,5,5,5,176
/it/resources-available-to-researchers,after,5,0,17,29,15,634
/pt-BR/living-with-bbsoas,after,5,4,7,8,5,273
/de/donate,after,4,0,4,12,4,310
/de/news/blog/2026-Feb-Research-Update-Elsa,after,4,0,6,7,5,293
/de/publications,after,4,1,4,4,4,152
/de/volunteer,after,4,0,5,12,5,153
/en/conferences,after,4,2,9,12,6,39
/en/get-involved-in-bbsoas-research,before,4,0,6,6,6,174
/en/news/blog/Celebrating-Contentful-Contribution-to-New-Website,after,4,1,4,5,3,87
/en/news/blog/dont-worry-that-you-dont-know-you-will,after,4,1,4,6,3,1009
/en/news/blog/dont-worry-that-you-dont-know-you-will,before,4,0,8,6,5,828
/en/news/blog/my-56-year-old-Daughter-Has-Just-Been-Diagnosed,after,4,1,8,9,8,254
/en/news/blog/sarah-rogillio,after,4,0,6,16,6,132
/en/partnerships,before,4,0,5,7,5,69
/fr/news/blog/ebony,after,4,0,4,4,4,128
/fr/news/blog/first-bbsoas-cvi-clinic,after,4,2,6,7,4,521
/fr/news/blog/first-international-bbsoas-awareness-day,after,4,1,4,4,4,569
/fr/partnerships,after,4,0,20,34,15,456
/fr/publications,after,4,0,4,8,4,253
/fr/resources-available-to-researchers,after,4,0,8,9,7,404
/it/get-involved-in-bbsoas-research,after,4,0,11,19,11,447
/it/news/blog/two-year-post-doc,after,4,0,14,21,12,557
/it/partnerships,after,4,0,4,5,4,127
/it/research,after,4,0,15,28,14,926
/it/support-groups,after,4,1,8,12,6,147
/pt-BR/conference,after,4,0,6,7,6,668
/zh-CN,after,4,0,7,7,4,9
/de/living-with-bbsoas,before,3,1,3,7,3,23
/de/news/blog/BBSOAS-research-2026-collection-dates,after,3,0,3,3,3,245
/de/patient-count,after,3,0,6,17,3,350
/de/resources-available-to-researchers,after,3,0,3,3,3,88
/de/strategic-plan,after,3,0,4,4,3,98
/en/news/blog/baking-a-big-impact,after,3,0,3,3,3,109
/en/news/blog/introducing-the-nr2f1-research-advisory-council,after,3,2,5,5,4,23
/en/news/blog/jennifer-coughlin-new-nr2f1-foundation-board-president,after,3,2,4,3,3,53
/en/news/blog/tri4albert-raises-23k-for-the-nr2f1-foundation,after,3,1,3,3,2,26
/en/news/newsletter,after,3,1,4,5,3,42
/es/news/blog,after,3,1,3,7,3,31
/es/patient-count,after,3,0,5,11,5,601
/es/resources-available-to-researchers,after,3,0,3,3,3,94
/es/support-us,after,3,3,7,8,3,171
/es/what-is-bbsoas,before,3,0,3,4,3,691
/fr/fundraise,after,3,0,9,12,9,256
/fr/get-involved-in-bbsoas-research,after,3,0,8,7,7,232
/fr/living-with-bbsoas,before,3,1,3,7,3,184
/fr/what-is-bbsoas,before,3,1,4,4,2,53
/it/fundraise,after,3,0,6,12,5,292
/it/news/blog/BBSOAS-research-2026-collection-dates,after,3,0,5,5,5,231
/it/news/blog/leadership-updates,after,3,1,3,3,2,41
/it/news/blog/patient-count-update-Nov-2025,after,3,0,4,6,4,183
/it/news/blog/research-update-2025,after,3,1,3,4,3,171
/it/our-financials,after,3,0,3,3,3,81
/it/publications,after,3,0,9,16,8,476
/it/volunteer,after,3,0,4,11,4,206
/pt-BR/contact-us,after,3,0,3,3,3,29
/zh-CN/register-a-patient,after,3,0,4,4,3,991
/de/news/blog/first-bbsoas-cvi-clinic,after,2,1,4,6,3,420
/de/news/blog/nr2f1-foundation-grant-for-research,after,2,1,3,3,2,39
/de/register-a-patient,before,2,1,2,3,2,269
/de/support-groups,before,2,1,2,3,2,93
/de/support-us,after,2,1,2,2,2,15
/de/what-is-bbsoas,before,2,0,2,4,2,67
/en/news/blog/10th-annual-million-dollar-bike-ride-was-a-success,after,2,0,2,2,2,7
/en/news/blog/Celebrating-Contentful-Contribution-to-New-Website,before,2,0,2,9,2,141
/en/news/blog/a-siblings-perspective-on-rare-disease,after,2,0,2,2,2,38
/en/news/blog/bbsoas-and-bioinformatics-analysis-discovery-update,before,2,2,5,6,1,2
/en/news/blog/introducing-the-nr2f1-research-advisory-council,before,2,0,2,2,2,4
/en/news/blog/jennifer-coughlin-new-nr2f1-foundation-board-president,before,2,1,2,2,1,3
/en/news/blog/meet-student-volunteer-abigayle-nafus,after,2,0,7,6,5,16
/en/news/blog/nr2f1-foundation-issues-bioinformatics-analysis-grant-to-dr-laugsch,after,2,0,4,5,2,20
/en/news/blog/tri4albert-raises-23k-for-the-nr2f1-foundation,before,2,0,3,3,3,68
/en/patient-registry,after,2,1,2,3,2,6
/en/privacy-policy,after,2,1,2,4,2,154
/es/news,after,2,0,2,8,2,35
/es/news/blog/dont-worry-that-you-dont-know-you-will,after,2,0,2,2,2,259
/es/news/blog/patient-count-update-Nov-2025,after,2,0,2,3,2,40
/es/organization,after,2,0,3,3,3,108
/es/publications,after,2,0,2,5,2,266
/es/register-a-patient,before,2,1,3,2,1,5
/fr/conference,before,2,0,2,3,2,5
/fr/donate,before,2,0,3,3,3,25
/fr/get-involved-in-bbsoas-research,before,2,0,2,4,2,14
/fr/news/blog/2026-Feb-Research-Update-Elsa,after,2,0,4,5,4,255
/fr/news/blog/edith-one-familys-story-with-bbsoas,after,2,0,2,2,2,388
/fr/news/blog/fruit-fly-drug-repurposing-update,after,2,0,3,2,2,24
/fr/news/blog/introducing-molly-carrow,after,2,0,2,2,2,18
/fr/news/blog/patient-count-update-Nov-2025,after,2,0,4,4,2,44
/fr/news/blog/two-year-post-doc,after,2,0,6,6,4,369
/fr/news/newsletter,after,2,1,2,2,2,429
/fr/our-financials,after,2,0,2,2,2,103
/fr/register-a-patient,before,2,0,3,3,2,66
/it/donate,after,2,0,3,15,3,277
/it/news/blog/fruit-fly-drug-repurposing-update,after,2,0,2,2,2,116
/it/news/blog/nr2f1-foundation-issues-bioinformatics-analysis-grant-to-dr-laugsch,after,2,0,2,2,2,33
/it/news/blog/welcome-leora-westbrook,after,2,0,2,2,2,37
/it/strategic-plan,after,2,0,2,12,2,564
/it/support-us,after,2,0,5,14,5,236
/pt-BR/learn-the-symptoms-video-series,after,2,0,2,2,2,0
/pt-BR/news/blog/a-siblings-perspective-on-rare-disease,after,2,2,2,2,2,723
/pt-BR/news/blog/patient-count-update-Nov-2025,after,2,0,2,2,2,60
/pt-BR/news/blog/research-update-2025,after,2,0,2,2,2,90
/pt-BR/publications,after,2,2,2,2,0,0
/pt-BR/resources-available-to-researchers,after,2,0,2,4,2,199
/zh-CN/get-involved-in-bbsoas-research,after,2,0,3,3,3,132
/zh-CN/living-with-bbsoas,after,2,2,2,3,2,120
/zh-CN/what-is-bbsoas,after,2,1,3,3,2,262
/de/conference,before,1,1,1,2,1,139
/de/contact-us,before,1,0,1,1,1,5
/de/get-involved-in-bbsoas-research,before,1,0,1,1,1,38
/de/news,before,1,0,1,1,1,12
/de/news/blog/2024-family-scientific-conference-a-resounding-success,after,1,0,1,1,1,13
/de/news/blog/Celebrating-Contentful-Contribution-to-New-Website,before,1,0,1,3,1,16
/de/news/blog/dont-worry-that-you-dont-know-you-will,after,1,0,3,1,1,60
/de/news/blog/every-diagnosis-matters,before,1,0,2,1,2,0
/de/news/blog/fruit-fly-drug-repurposing-update,after,1,1,1,2,1,32
/de/news/blog/leadership-updates,after,1,0,1,1,1,128
/de/news/blog/research-update-2025,after,1,0,1,2,1,101
/de/news/blog/two-year-post-doc,after,1,0,1,1,1,20
/de/news/blog/update-from-our-bbsosas-full-time-researcher-dr-wassmer,after,1,1,1,1,1,14
/de/news/blog/welcome-leora-westbrook,after,1,0,1,1,1,13
/de/publications,before,1,0,1,2,1,33
/de/research,before,1,0,1,1,1,41
/en/2024-family-scientific-conference,after,1,1,1,1,0,0
/en/bbsoas-and-epilepsy,after,1,1,1,1,1,0
/en/bbsoas-and-epilepsy,before,1,1,1,1,0,0
/en/bbsoas-and-vision-impairment,before,1,0,1,1,1,2
/en/bbsoas-center-of-excellence,after,1,0,1,1,1,6
/en/bbsoas-guides-las-guias-bbsoas,after,1,0,1,1,0,1
/en/board-members,after,1,0,1,1,1,1
/en/board-of-directors,before,1,0,1,1,1,4
/en/category/bbsoas,before,1,1,1,1,0,4
/en/en/living-with-bbsoas,before,1,0,1,2,1,4
/en/enb,after,1,1,1,1,1,0
/en/europe,after,1,0,1,1,1,4
/en/every-diagnosis-matters,after,1,1,1,2,1,0
/en/every-diagnosis-matters,before,1,1,2,2,0,0
/en/financials,after,1,0,2,2,2,17
/en/how-to-read-your-genetic-report,after,1,0,1,1,1,6
/en/learn-the-symptoms-of-bbsoas,before,1,1,1,1,1,0
/en/library-of-research-publications,after,1,0,2,3,1,10
/en/management-of-bbsoas,after,1,0,1,2,1,1
/en/nes/blog/meet-3-yr-old-aydn,after,1,0,1,2,1,5
/en/news/blog,before,1,0,3,5,3,59
/en/news/blog/2021-research-update,after,1,0,1,1,1,3
/en/news/blog/2025-BioRepository-Dates-and-Locations,after,1,0,1,1,1,0
/en/news/blog/Meet-Student-Volunteer-Abigayle-Nafus,after,1,1,1,2,1,13
/en/news/blog/Patient Count Update – Nov 25 2025,after,1,0,3,11,3,67
/en/news/blog/a-siblings-perspective-on-rare-disease,before,1,0,1,1,1,9
/en/news/blog/bbsoas-grief-resilience-and-wonderment,after,1,0,1,1,1,120
/en/news/blog/celebrating-contentful-contribution-to-new-website,after,1,0,1,1,1,5
/en/news/blog/exclusive-interview-with-zeb,before,1,0,1,6,1,186
/en/news/blog/first-bbsoas-center-of-excellence,after,1,1,1,1,1,1
/en/news/blog/first-bbsoas-cvi-clinic,after,1,0,1,1,1,0
/en/news/blog/host-fundraiser-for-the-nr2f1-foundation,after,1,0,1,1,1,1
/en/news/blog/meet-3-yr-old-aydn,after,1,0,1,1,1,14
/en/news/blog/new-members-to-the-board-of-directors,after,1,0,1,1,1,0
/en/news/blog/nr2f1-foundation-chicago-marathon-fundraising-results,after,1,0,1,1,1,41
/en/news/blog/nr2f1-president-heads-to-d-c-for-2024-nord-conference,after,1,0,1,1,1,4
/en/news/blog/nr2f1-to-host-strategic-research-mtg-oct-2025,after,1,0,1,1,1,0
/en/news/blog/undefined,after,1,1,1,1,1,2
/en/news/blog/update-from-our-bbsosas-full-time-researcher-dr-wassmer,before,1,0,1,4,1,37
/en/news/podcast,after,1,0,1,1,1,2
/en/news/podcast,before,1,0,1,1,1,5
/en/nr2f1-foundation-is-a-new-member-of-the-rare-epilepsy-network,before,1,0,1,1,1,1
/en/patient-registry,before,1,0,1,3,1,20
/en/privacy,after,1,0,1,1,1,5
/en/research-strategy-goals,after,1,0,1,1,1,0
/en/scientific-advisory-board,after,1,0,1,1,1,0
/en/test-error,before,1,0,1,1,1,4
/es/contact-us,after,1,0,1,1,1,7
/es/donate,after,1,0,1,5,1,26
/es/donate,before,1,0,1,1,1,2
/es/living-with-bbsoas,before,1,0,1,2,1,16
/es/news/blog/2026-Feb-Research-Update-Elsa,after,1,0,1,1,1,22
/es/news/blog/Celebrating-Contentful-Contribution-to-New-Website,before,1,0,1,2,1,8
/es/news/blog/a-siblings-perspective-on-rare-disease,after,1,0,1,1,1,21
/es/news/blog/every-diagnosis-matters,after,1,0,1,1,1,273
/es/news/blog/executive-director-opening,after,1,0,2,1,2,3
/es/news/blog/first-bbsoas-cvi-clinic,after,1,0,1,4,1,79
/es/news/blog/meet-simon-from-chile,after,1,0,1,1,1,92
/es/news/blog/nr2f1-foundation-grant-for-research,after,1,0,1,1,1,46
/es/news/blog/nr2f1-foundation-issues-bioinformatics-analysis-grant-to-dr-laugsch,after,1,1,3,3,3,193
/es/news/blog/welcome-leora-westbrook,after,1,0,1,1,1,23
/es/organization,before,1,0,1,1,1,18
/es/support-us,before,1,1,1,1,1,0
/es/volunteer,before,1,0,1,1,1,50
/fr/contact-us,before,1,0,2,2,2,16
/fr/fundraise,before,1,0,2,1,2,8
/fr/news,before,1,0,1,1,1,6
/fr/news/blog/10th-annual-million-dollar-bike-ride-was-a-success,after,1,0,1,1,1,121
/fr/news/blog/2021-research-update,after,1,0,2,1,0,0
/fr/news/blog/2023-million-dollar-bike-ride-fundraising-nr2f1-foundation,after,1,0,1,1,1,16
/fr/news/blog/2025-BioRepository-Dates-and-Locations,after,1,1,1,4,1,149
/fr/news/blog/Celebrating-Contentful-Contribution-to-New-Website,before,1,0,1,7,1,100
/fr/news/blog/baking-a-big-impact,after,1,0,1,1,1,97
/fr/news/blog/bbsoas-grandparent-support-group,after,1,0,1,1,1,12
/fr/news/blog/bbsoas-grief-resilience-and-wonderment,after,1,0,1,1,1,13
/fr/news/blog/charly,after,1,0,1,1,1,8
/fr/news/blog/chicago-marathon-fundraiser-for-nr2f1-foundation-research,after,1,0,1,1,1,14
/fr/news/blog/dont-worry-that-you-dont-know-you-will,after,1,0,1,1,1,15
/fr/news/blog/drug-repurposing-observational-study-aug2026-update,after,1,0,2,1,1,204
/fr/news/blog/every-diagnosis-matters,after,1,0,1,1,1,240
/fr/news/blog/executive-director-opening,after,1,0,1,1,1,4
/fr/news/blog/host-fundraiser-for-the-nr2f1-foundation,after,1,0,3,2,2,5
/fr/news/blog/leadership-updates,after,1,0,1,1,1,7
/fr/news/blog/meet-3-yr-old-aydn,after,1,0,1,2,1,179
/fr/news/blog/meet-simon-from-chile,after,1,0,1,1,1,12
/fr/news/blog/nr2f1-foundation-chicago-marathon-fundraising-results,after,1,0,1,1,1,7
/fr/news/blog/nr2f1-foundation-is-a-new-member-of-the-rare-epilepsy-network,after,1,1,1,1,1,0
/fr/news/blog/nr2f1-foundation-looks-back-at-2022,after,1,0,1,2,1,40
/fr/news/blog/nr2f1-research-fundraising-campaign,after,1,1,1,1,1,7
/fr/news/blog/nr2f1-scientific-conference-for-families-was-a-success,after,1,0,1,1,1,11
/fr/news/blog/peggy-patient-1-birthday,after,1,0,2,2,1,42
/fr/news/blog/research-update-2025,after,1,0,1,2,1,35
/fr/news/blog/update-from-our-bbsosas-full-time-researcher-dr-wassmer,after,1,1,2,2,0,2
/fr/news/blog/welcome-leora-westbrook,after,1,0,1,1,1,8
/fr/organization,before,1,0,1,1,1,8
/fr/partnerships,before,1,0,1,1,1,12
/fr/privacy-policy,after,1,0,1,1,1,20
/fr/publications,before,1,0,1,1,1,7
/fr/research,before,1,0,1,1,1,7
/fr/research-strategy-goals,after,1,0,1,1,1,6
/fr/resources-available-to-researchers,before,1,0,2,2,2,45
/fr/strategic-plan,before,1,0,1,2,1,41
/fr/support-us,before,1,0,3,3,3,14
/fr/volunteer,after,1,0,1,2,1,28
/fr/volunteer,before,1,0,2,2,2,34
/it/news/blog/Celebrating-Contentful-Contribution-to-New-Website,after,1,0,2,2,1,54
/it/news/blog/drug-repurposing-observational-study-aug2026-update,after,1,0,1,1,1,27
/it/news/blog/every-diagnosis-matters,after,1,0,1,1,1,15
/it/news/blog/executive-director-opening,after,1,0,1,1,1,5
/it/news/blog/first-bbsoas-center-of-excellence,after,1,0,1,1,1,0
/it/news/blog/first-international-bbsoas-awareness-day,after,1,1,1,2,1,13
/it/news/blog/introducing-molly-carrow,after,1,0,1,1,1,8
/it/news/blog/introducing-the-nr2f1-research-advisory-council,after,1,0,1,1,1,8
/it/news/blog/irish-para-athlete-diagnosed-with-bbsoas,after,1,1,1,2,1,0
/it/news/blog/peggy-patient-1-birthday,after,1,0,1,1,1,16
/it/news/blog/research-strategy-goals,after,1,0,1,1,1,5
/it/news/newsletter,after,1,0,1,1,1,2
/it/patient-count,after,1,0,1,1,1,0
/it/research-strategy-and-roadmap-for-nr2f1,after,1,0,2,2,2,0
/pt-BR/bbsoas-and-vision-impairment,after,1,0,1,1,1,0
/pt-BR/donate,after,1,0,2,2,2,23
/pt-BR/get-involved-in-bbsoas-research,after,1,0,1,1,1,15
/pt-BR/news,after,1,0,1,2,1,28
/pt-BR/news/blog/baking-a-big-impact,after,1,0,1,1,1,99
/pt-BR/news/blog/drug-repurposing-observational-study-aug2026-update,after,1,0,2,2,1,193
/pt-BR/news/blog/executive-director-opening,after,1,0,1,1,1,14
/pt-BR/news/blog/jennifer-coughlin-new-nr2f1-foundation-board-president,after,1,1,1,1,0,0
/pt-BR/news/blog/leadership-updates,after,1,0,1,1,1,17
/pt-BR/news/blog/meet-student-volunteer-abigayle-nafus,after,1,0,2,1,1,0
/pt-BR/news/blog/nr2f1-scientific-conference-for-families-was-a-success,after,1,1,1,2,1,35
/pt-BR/news/blog/update-from-our-bbsosas-full-time-researcher-dr-wassmer,after,1,0,2,1,1,110
/pt-BR/news/blog/welcome-leora-westbrook,after,1,0,1,2,1,15
/pt-BR/organization,after,1,0,1,1,1,3
/pt-BR/privacy-policy,after,1,0,1,1,1,10
/pt-BR/register-a-patient,after,1,0,2,2,2,167
/pt-BR/research,after,1,0,1,1,1,52
/pt-BR/strategic-plan,after,1,0,1,7,1,109
/pt-BR/support-groups,after,1,0,1,2,1,22
/pt-BR/support-us,after,1,0,2,2,2,0
/pt-BR/trip-bbsoas-fundraiser,after,1,0,2,2,2,0
/pt-BR/volunteer,after,1,0,1,1,1,86
/zh-CN/conference,after,1,0,2,4,2,731
/zh-CN/news/blog/2026-Feb-Research-Update-Elsa,after,1,0,3,3,3,79
/zh-CN/news/blog/BBSOAS-research-2026-collection-dates,after,1,0,1,1,1,149
/zh-CN/news/blog/executive-director-opening,after,1,0,1,1,1,1
/zh-CN/news/blog/peggy-patient-1-birthday,after,1,0,2,1,2,71
/zh-CN/news/blog/welcome-leora-westbrook,after,1,0,1,3,1,40
/zh-CN/organization,after,1,0,1,1,1,4
/zh-CN/patient-count,after,1,0,1,1,1,10
/zh-CN/privacy-policy,after,1,0,1,1,1,14
/zh-CN/research,after,1,0,1,1,1,8
/zh-CN/strategic-plan,after,1,0,1,2,1,432
/zh-CN/support-groups,after,1,1,1,1,1,28
/zh-CN/volunteer,after,1,0,1,1,1,325
/de/donate,before,0,0,0,0,0,0
/de/news/blog/2024-family-scientific-conference-a-resounding-success,before,0,0,0,0,0,0
/de/news/blog/2026-Feb-Research-Update-Elsa,before,0,0,0,0,0,0
/de/news/blog/BBSOAS-research-2026-collection-dates,before,0,0,0,0,0,0
/de/news/blog/Celebrating-Contentful-Contribution-to-New-Website,after,0,0,0,0,0,0
/de/news/blog/dont-worry-that-you-dont-know-you-will,before,0,0,0,0,0,0
/de/news/blog/every-diagnosis-matters,after,0,0,0,0,0,0
/de/news/blog/first-bbsoas-cvi-clinic,before,0,0,0,0,0,0
/de/news/blog/fruit-fly-drug-repurposing-update,before,0,0,0,0,0,0
/de/news/blog/leadership-updates,before,0,0,0,0,0,0
/de/news/blog/nr2f1-foundation-grant-for-research,before,0,0,0,0,0,0
/de/news/blog/research-update-2025,before,0,0,0,0,0,0
/de/news/blog/two-year-post-doc,before,0,0,0,0,0,0
/de/news/blog/update-from-our-bbsosas-full-time-researcher-dr-wassmer,before,0,0,0,0,0,0
/de/news/blog/welcome-leora-westbrook,before,0,0,0,0,0,0
/de/organization,before,0,0,0,0,0,0
/de/patient-count,before,0,0,0,0,0,0
/de/resources-available-to-researchers,before,0,0,0,0,0,0
/de/strategic-plan,before,0,0,0,0,0,0
/de/support-us,before,0,0,0,0,0,0
/de/volunteer,before,0,0,0,0,0,0
/en/2024-family-scientific-conference,before,0,0,0,0,0,0
/en/bbsoas-and-vision-impairment,after,0,0,0,0,0,0
/en/bbsoas-center-of-excellence,before,0,0,0,0,0,0
/en/bbsoas-guides-las-guias-bbsoas,before,0,0,0,0,0,0
/en/board-members,before,0,0,0,0,0,0
/en/board-of-directors,after,0,0,0,0,0,0
/en/category/bbsoas,after,0,0,0,0,0,0
/en/conferences,before,0,0,0,0,0,0
/en/en/living-with-bbsoas,after,0,0,0,0,0,0
/en/enb,before,0,0,0,0,0,0
/en/europe,before,0,0,0,0,0,0
/en/financials,before,0,0,0,0,0,0
/en/how-to-read-your-genetic-report,before,0,0,0,0,0,0
/en/learn-the-symptoms-of-bbsoas,after,0,0,0,0,0,0
/en/library-of-research-publications,before,0,0,0,0,0,0
/en/management-of-bbsoas,before,0,0,0,0,0,0
/en/nes/blog/meet-3-yr-old-aydn,before,0,0,0,0,0,0
/en/news/blog/10th-annual-million-dollar-bike-ride-was-a-success,before,0,0,0,0,0,0
/en/news/blog/2021-research-update,before,0,0,0,0,0,0
/en/news/blog/2025-BioRepository-Dates-and-Locations,before,0,0,0,0,0,0
/en/news/blog/2026-Feb-Research-Update-Elsa,before,0,0,0,0,0,0
/en/news/blog/BBSOAS-research-2026-collection-dates,before,0,0,0,0,0,0
/en/news/blog/Meet-Student-Volunteer-Abigayle-Nafus,before,0,0,0,0,0,0
/en/news/blog/Patient Count Update – Nov 25 2025,before,0,0,0,0,0,0
/en/news/blog/baking-a-big-impact,before,0,0,0,0,0,0
/en/news/blog/bbsoas-and-bioinformatics-analysis-discovery-update,after,0,0,0,0,0,0
/en/news/blog/bbsoas-grief-resilience-and-wonderment,before,0,0,0,0,0,0
/en/news/blog/celebrating-contentful-contribution-to-new-website,before,0,0,0,0,0,0
/en/news/blog/drug-repurposing-observational-study-aug2026-update,before,0,0,0,0,0,0
/en/news/blog/exclusive-interview-with-zeb,after,0,0,0,0,0,0
/en/news/blog/executive-director-opening,before,0,0,0,0,0,0
/en/news/blog/first-bbsoas-center-of-excellence,before,0,0,0,0,0,0
/en/news/blog/first-bbsoas-cvi-clinic,before,0,0,0,0,0,0
/en/news/blog/fruit-fly-drug-repurposing-project,before,0,0,0,0,0,0
/en/news/blog/fruit-fly-drug-repurposing-update,before,0,0,0,0,0,0
/en/news/blog/host-fundraiser-for-the-nr2f1-foundation,before,0,0,0,0,0,0
/en/news/blog/introducing-molly-carrow,before,0,0,0,0,0,0
/en/news/blog/leadership-updates,before,0,0,0,0,0,0
/en/news/blog/meet-3-yr-old-aydn,before,0,0,0,0,0,0
/en/news/blog/meet-student-volunteer-abigayle-nafus,before,0,0,0,0,0,0
/en/news/blog/my-56-year-old-Daughter-Has-Just-Been-Diagnosed,before,0,0,0,0,0,0
/en/news/blog/new-members-to-the-board-of-directors,before,0,0,0,0,0,0
/en/news/blog/nr2f1-foundation-chicago-marathon-fundraising-results,before,0,0,0,0,0,0
/en/news/blog/nr2f1-foundation-issues-bioinformatics-analysis-grant-to-dr-laugsch,before,0,0,0,0,0,0
/en/news/blog/nr2f1-president-heads-to-d-c-for-2024-nord-conference,before,0,0,0,0,0,0
/en/news/blog/nr2f1-to-host-strategic-research-mtg-oct-2025,before,0,0,0,0,0,0
/en/news/blog/patient-count-update-Nov-2025,before,0,0,0,0,0,0
/en/news/blog/peggy-patient-1-birthday,before,0,0,0,0,0,0
/en/news/blog/research-update-2025,before,0,0,0,0,0,0
/en/news/blog/sarah-rogillio,before,0,0,0,0,0,0
/en/news/blog/two-year-post-doc,before,0,0,0,0,0,0
/en/news/blog/undefined,before,0,0,0,0,0,0
/en/news/blog/welcome-leora-westbrook,before,0,0,0,0,0,0
/en/nr2f1-foundation-is-a-new-member-of-the-rare-epilepsy-network,after,0,0,0,0,0,0
/en/patient-count,before,0,0,0,0,0,0
/en/press,after,0,0,1,1,0,0
/en/press,before,0,0,0,0,0,0
/en/privacy,before,0,0,0,0,0,0
/en/privacy-policy,before,0,0,0,0,0,0
/en/research-strategy-goals,before,0,0,0,0,0,0
/en/scientific-advisory-board,before,0,0,0,0,0,0
/en/strategic-plan-for-2023-2027,after,0,0,1,1,0,0
/en/strategic-plan-for-2023-2027,before,0,0,0,0,0,0
/en/test-error,after,0,0,0,0,0,0
/es/conference,before,0,0,0,0,0,0
/es/contact-us,before,0,0,0,0,0,0
/es/news,before,0,0,0,0,0,0
/es/news/blog,before,0,0,0,0,0,0
/es/news/blog/2026-Feb-Research-Update-Elsa,before,0,0,0,0,0,0
/es/news/blog/Celebrating-Contentful-Contribution-to-New-Website,after,0,0,0,0,0,0
/es/news/blog/a-siblings-perspective-on-rare-disease,before,0,0,0,0,0,0
/es/news/blog/dont-worry-that-you-dont-know-you-will,before,0,0,0,0,0,0
/es/news/blog/every-diagnosis-matters,before,0,0,0,0,0,0
/es/news/blog/executive-director-opening,before,0,0,0,0,0,0
/es/news/blog/first-bbsoas-cvi-clinic,before,0,0,0,0,0,0
/es/news/blog/meet-simon-from-chile,before,0,0,0,0,0,0
/es/news/blog/nr2f1-foundation-grant-for-research,before,0,0,0,0,0,0
/es/news/blog/nr2f1-foundation-issues-bioinformatics-analysis-grant-to-dr-laugsch,before,0,0,0,0,0,0
/es/news/blog/patient-count-update-Nov-2025,before,0,0,0,0,0,0
/es/news/blog/welcome-leora-westbrook,before,0,0,0,0,0,0
/es/patient-count,before,0,0,0,0,0,0
/es/publications,before,0,0,0,0,0,0
/es/research,before,0,0,0,0,0,0
/es/resources-available-to-researchers,before,0,0,0,0,0,0
/es/support-groups,before,0,0,0,0,0,0
/es/volunteer,after,0,0,0,0,0,0
/fr/news/blog/10th-annual-million-dollar-bike-ride-was-a-success,before,0,0,0,0,0,0
/fr/news/blog/2021-research-update,before,0,0,0,0,0,0
/fr/news/blog/2023-million-dollar-bike-ride-fundraising-nr2f1-foundation,before,0,0,0,0,0,0
/fr/news/blog/2025-BioRepository-Dates-and-Locations,before,0,0,0,0,0,0
/fr/news/blog/2026-Feb-Research-Update-Elsa,before,0,0,0,0,0,0
/fr/news/blog/Celebrating-Contentful-Contribution-to-New-Website,after,0,0,0,0,0,0
/fr/news/blog/baking-a-big-impact,before,0,0,0,0,0,0
/fr/news/blog/bbsoas-grandparent-support-group,before,0,0,0,0,0,0
/fr/news/blog/bbsoas-grief-resilience-and-wonderment,before,0,0,0,0,0,0
/fr/news/blog/charly,before,0,0,0,0,0,0
/fr/news/blog/chicago-marathon-fundraiser-for-nr2f1-foundation-research,before,0,0,0,0,0,0
/fr/news/blog/dont-worry-that-you-dont-know-you-will,before,0,0,0,0,0,0
/fr/news/blog/drug-repurposing-observational-study-aug2026-update,before,0,0,0,0,0,0
/fr/news/blog/ebony,before,0,0,0,0,0,0
/fr/news/blog/edith-one-familys-story-with-bbsoas,before,0,0,0,0,0,0
/fr/news/blog/every-diagnosis-matters,before,0,0,0,0,0,0
/fr/news/blog/executive-director-opening,before,0,0,0,0,0,0
/fr/news/blog/first-bbsoas-cvi-clinic,before,0,0,0,0,0,0
/fr/news/blog/first-international-bbsoas-awareness-day,before,0,0,0,0,0,0
/fr/news/blog/fruit-fly-drug-repurposing-update,before,0,0,0,0,0,0
/fr/news/blog/host-fundraiser-for-the-nr2f1-foundation,before,0,0,0,0,0,0
/fr/news/blog/introducing-molly-carrow,before,0,0,0,0,0,0
/fr/news/blog/leadership-updates,before,0,0,0,0,0,0
/fr/news/blog/meet-3-yr-old-aydn,before,0,0,0,0,0,0
/fr/news/blog/meet-simon-from-chile,before,0,0,0,0,0,0
/fr/news/blog/nr2f1-foundation-chicago-marathon-fundraising-results,before,0,0,0,0,0,0
/fr/news/blog/nr2f1-foundation-is-a-new-member-of-the-rare-epilepsy-network,before,0,0,0,0,0,0
/fr/news/blog/nr2f1-foundation-looks-back-at-2022,before,0,0,0,0,0,0
/fr/news/blog/nr2f1-research-fundraising-campaign,before,0,0,0,0,0,0
/fr/news/blog/nr2f1-scientific-conference-for-families-was-a-success,before,0,0,0,0,0,0
/fr/news/blog/patient-count-update-Nov-2025,before,0,0,0,0,0,0
/fr/news/blog/peggy-patient-1-birthday,before,0,0,0,0,0,0
/fr/news/blog/research-strategy-goals,before,0,0,0,0,0,0
/fr/news/blog/research-update-2025,before,0,0,0,0,0,0
/fr/news/blog/two-year-post-doc,before,0,0,0,0,0,0
/fr/news/blog/update-from-our-bbsosas-full-time-researcher-dr-wassmer,before,0,0,0,0,0,0
/fr/news/blog/welcome-leora-westbrook,before,0,0,0,0,0,0
/fr/news/newsletter,before,0,0,0,0,0,0
/fr/our-financials,before,0,0,0,0,0,0
/fr/patient-count,before,0,0,0,0,0,0
/fr/privacy-policy,before,0,0,0,0,0,0
/fr/research-strategy-goals,before,0,0,0,0,0,0
/fr/support-groups,before,0,0,0,0,0,0
/it,before,0,0,0,0,0,0
/it/conference,before,0,0,0,0,0,0
/it/contact-us,before,0,0,0,0,0,0
/it/donate,before,0,0,0,0,0,0
/it/fundraise,before,0,0,0,0,0,0
/it/get-involved-in-bbsoas-research,before,0,0,0,0,0,0
/it/living-with-bbsoas,before,0,0,0,0,0,0
/it/news,before,0,0,0,0,0,0
/it/news/blog/2026-Feb-Research-Update-Elsa,before,0,0,0,0,0,0
/it/news/blog/BBSOAS-research-2026-collection-dates,before,0,0,0,0,0,0
/it/news/blog/Celebrating-Contentful-Contribution-to-New-Website,before,0,0,0,0,0,0
/it/news/blog/drug-repurposing-observational-study-aug2026-update,before,0,0,0,0,0,0
/it/news/blog/every-diagnosis-matters,before,0,0,0,0,0,0
/it/news/blog/executive-director-opening,before,0,0,0,0,0,0
/it/news/blog/first-bbsoas-center-of-excellence,before,0,0,0,0,0,0
/it/news/blog/first-international-bbsoas-awareness-day,before,0,0,0,0,0,0
/it/news/blog/fruit-fly-drug-repurposing-update,before,0,0,0,0,0,0
/it/news/blog/introducing-molly-carrow,before,0,0,0,0,0,0
/it/news/blog/introducing-the-nr2f1-research-advisory-council,before,0,0,0,0,0,0
/it/news/blog/irish-para-athlete-diagnosed-with-bbsoas,before,0,0,0,0,0,0
/it/news/blog/leadership-updates,before,0,0,0,0,0,0
/it/news/blog/nr2f1-foundation-issues-bioinformatics-analysis-grant-to-dr-laugsch,before,0,0,0,0,0,0
/it/news/blog/patient-count-update-Nov-2025,before,0,0,0,0,0,0
/it/news/blog/peggy-patient-1-birthday,before,0,0,0,0,0,0
/it/news/blog/research-strategy-goals,before,0,0,0,0,0,0
/it/news/blog/research-update-2025,before,0,0,0,0,0,0
/it/news/blog/two-year-post-doc,before,0,0,0,0,0,0
/it/news/blog/welcome-leora-westbrook,before,0,0,0,0,0,0
/it/news/newsletter,before,0,0,0,0,0,0
/it/organization,before,0,0,0,0,0,0
/it/our-financials,before,0,0,0,0,0,0
/it/partnerships,before,0,0,0,0,0,0
/it/patient-count,before,0,0,0,0,0,0
/it/publications,before,0,0,0,0,0,0
/it/register-a-patient,before,0,0,0,0,0,0
/it/research,before,0,0,0,0,0,0
/it/research-strategy-and-roadmap-for-nr2f1,before,0,0,0,0,0,0
/it/resources-available-to-researchers,before,0,0,0,0,0,0
/it/strategic-plan,before,0,0,0,0,0,0
/it/support-groups,before,0,0,0,0,0,0
/it/support-us,before,0,0,0,0,0,0
/it/volunteer,before,0,0,0,0,0,0
/it/what-is-bbsoas,before,0,0,0,0,0,0
/pt-BR,before,0,0,0,0,0,0
/pt-BR/bbsoas-and-vision-impairment,before,0,0,0,0,0,0
/pt-BR/conference,before,0,0,0,0,0,0
/pt-BR/contact-us,before,0,0,0,0,0,0
/pt-BR/donate,before,0,0,0,0,0,0
/pt-BR/get-involved-in-bbsoas-research,before,0,0,0,0,0,0
/pt-BR/learn-the-symptoms-video-series,before,0,0,0,0,0,0
/pt-BR/living-with-bbsoas,before,0,0,0,0,0,0
/pt-BR/management-of-bbsoas,after,0,0,1,1,0,0
/pt-BR/management-of-bbsoas,before,0,0,0,0,0,0
/pt-BR/news,before,0,0,0,0,0,0
/pt-BR/news/blog/a-siblings-perspective-on-rare-disease,before,0,0,0,0,0,0
/pt-BR/news/blog/baking-a-big-impact,before,0,0,0,0,0,0
/pt-BR/news/blog/drug-repurposing-observational-study-aug2026-update,before,0,0,0,0,0,0
/pt-BR/news/blog/executive-director-opening,before,0,0,0,0,0,0
/pt-BR/news/blog/jennifer-coughlin-new-nr2f1-foundation-board-president,before,0,0,0,0,0,0
/pt-BR/news/blog/leadership-updates,before,0,0,0,0,0,0
/pt-BR/news/blog/meet-student-volunteer-abigayle-nafus,before,0,0,0,0,0,0
/pt-BR/news/blog/nr2f1-scientific-conference-for-families-was-a-success,before,0,0,0,0,0,0
/pt-BR/news/blog/patient-count-update-Nov-2025,before,0,0,0,0,0,0
/pt-BR/news/blog/research-update-2025,before,0,0,0,0,0,0
/pt-BR/news/blog/update-from-our-bbsosas-full-time-researcher-dr-wassmer,before,0,0,0,0,0,0
/pt-BR/news/blog/welcome-leora-westbrook,before,0,0,0,0,0,0
/pt-BR/organization,before,0,0,0,0,0,0
/pt-BR/privacy-policy,before,0,0,0,0,0,0
/pt-BR/publications,before,0,0,0,0,0,0
/pt-BR/register-a-patient,before,0,0,0,0,0,0
/pt-BR/research,before,0,0,0,0,0,0
/pt-BR/resources-available-to-researchers,before,0,0,0,0,0,0
/pt-BR/strategic-plan,before,0,0,0,0,0,0
/pt-BR/support-groups,before,0,0,0,0,0,0
/pt-BR/support-us,before,0,0,0,0,0,0
/pt-BR/trip-bbsoas-fundraiser,before,0,0,0,0,0,0
/pt-BR/volunteer,before,0,0,0,0,0,0
/pt-BR/what-is-bbsoas,before,0,0,0,0,0,0
/zh-CN,before,0,0,0,0,0,0
/zh-CN/conference,before,0,0,0,0,0,0
/zh-CN/get-involved-in-bbsoas-research,before,0,0,0,0,0,0
/zh-CN/living-with-bbsoas,before,0,0,0,0,0,0
/zh-CN/news/blog/2026-Feb-Research-Update-Elsa,before,0,0,0,0,0,0
/zh-CN/news/blog/BBSOAS-research-2026-collection-dates,before,0,0,0,0,0,0
/zh-CN/news/blog/executive-director-opening,before,0,0,0,0,0,0
/zh-CN/news/blog/peggy-patient-1-birthday,before,0,0,0,0,0,0
/zh-CN/news/blog/welcome-leora-westbrook,before,0,0,0,0,0,0
/zh-CN/organization,before,0,0,0,0,0,0
/zh-CN/patient-count,before,0,0,0,0,0,0
/zh-CN/privacy-policy,before,0,0,0,0,0,0
/zh-CN/register-a-patient,before,0,0,0,0,0,0
/zh-CN/research,before,0,0,0,0,0,0
/zh-CN/strategic-plan,before,0,0,0,0,0,0
/zh-CN/support-groups,before,0,0,0,0,0,0
/zh-CN/volunteer,before,0,0,0,0,0,0
/zh-CN/what-is-bbsoas,before,0,0,0,0,0,0
