yearMonth,dateRange,activeUsers,newUsers,sessions,screenPageViews,engagedSessions,userEngagementDuration
202604,after,152,115,379,831,216,23928
202601,after,136,116,309,675,161,15181
202602,after,136,99,382,840,211,25451
202509,before,133,127,268,791,162,20423
202512,after,129,100,278,711,165,14961
202603,after,128,90,379,824,213,25675
202511,after,102,83,262,667,141,20576
202510,after,100,79,277,982,160,24880
202605,after,85,61,215,418,86,6829
202608,after,82,67,195,442,104,10938
202606,after,81,59,247,430,100,9140
202607,after,65,51,173,454,110,13354
202609,after,65,50,144,266,64,8431
202509,after,54,37,132,356,67,9571
202508,before,11,11,46,481,35,4668
202508,after,0,0,0,0,0,0
202510,before,0,0,0,0,0,0
202511,before,0,0,0,0,0,0
202512,before,0,0,0,0,0,0
202601,before,0,0,0,0,0,0
202602,before,0,0,0,0,0,0
202603,before,0,0,0,0,0,0
202604,before,0,0,0,0,0,0
202605,before,0,0,0,0,0,0
202606,before,0,0,0,0,0,0
202607,before,0,0,0,0,0,0
202608,before,0,0,0,0,0,0
202609,before,0,0,0,0,0,0
