language,dateRange,activeUsers,newUsers,sessions,screenPageViews,engagedSessions,userEngagementDuration
English,after,680,662,2384,5526,1224,122270
English,before,112,112,278,1170,173,21055
German,after,92,92,185,419,103,14650
French,after,91,90,319,748,186,25559
Spanish,after,44,44,99,239,56,12336
Italian,after,28,27,143,392,76,10694
Portuguese,after,25,23,58,109,36,4886
Polish,after,12,12,57,154,37,5350
Dutch,after,10,10,20,34,11,1444
Chinese,after,9,8,15,48,12,3430
Danish,after,8,6,12,27,7,803
French,before,5,5,6,10,3,230
Hungarian,after,5,5,15,37,9,602
Romanian,after,5,5,8,20,5,845
German,before,4,4,5,29,5,824
Italian,before,4,4,9,10,6,332
Portuguese,before,4,4,6,26,4,1861
Swedish,after,4,3,5,10,4,1531
Czech,after,3,3,10,34,8,1832
Latvian,after,3,3,15,69,15,1504
Spanish,before,3,3,3,16,2,700
Danish,before,2,2,3,4,2,33
Finnish,after,2,2,3,10,3,718
Japanese,after,2,2,3,3,1,81
Norwegian Bokmål,after,2,2,3,4,2,57
(other),after,1,1,1,1,0,0
Arabic,after,1,1,2,1,0,0
Dutch,before,1,1,1,2,1,16
Greek,after,1,1,1,1,1,29
Hebrew,after,1,1,2,1,1,292
Japanese,before,1,1,1,3,1,36
Norwegian Bokmål,before,1,1,1,1,0,0
Russian,after,1,1,1,1,0,0
Swedish,before,1,1,1,1,0,4
Turkish,after,1,1,5,5,0,0
Ukrainian,after,1,1,1,1,0,0
Vietnamese,after,1,1,1,2,1,2
(other),before,0,0,0,0,0,0
Arabic,before,0,0,0,0,0,0
Chinese,before,0,0,0,0,0,0
Czech,before,0,0,0,0,0,0
Finnish,before,0,0,0,0,0,0
Greek,before,0,0,0,0,0,0
Hebrew,before,0,0,0,0,0,0
Hungarian,before,0,0,0,0,0,0
Latvian,before,0,0,0,0,0,0
Polish,before,0,0,0,0,0,0
Romanian,before,0,0,0,0,0,0
Russian,before,0,0,0,0,0,0
Turkish,before,0,0,0,0,0,0
Ukrainian,before,0,0,0,0,0,0
Vietnamese,before,0,0,0,0,0,0
