date,dateRange,activeUsers,newUsers,sessions,screenPageViews,engagedSessions,userEngagementDuration
20250905,before,35,30,52,124,31,4555
20260410,after,28,14,40,115,31,4055
20260120,after,23,17,34,95,14,2323
20260409,after,21,13,31,60,23,2366
20260228,after,19,13,31,59,16,1194
20251202,after,17,9,24,80,13,1889
20250911,before,16,13,21,41,12,1212
20251203,after,16,10,23,42,12,1360
20251207,after,15,9,25,42,12,1068
20260122,after,15,8,22,46,14,1173
20260317,after,15,7,17,58,11,2212
20260903,after,15,12,22,37,7,396
20250912,before,14,12,23,50,13,1140
20250923,after,14,8,27,74,14,2332
20260121,after,14,10,19,24,6,497
20260129,after,14,7,17,33,11,672
20260417,after,14,5,18,41,11,1633
20250904,before,13,11,19,102,13,2150
20251010,after,13,10,18,76,10,1855
20251017,after,13,5,18,197,16,6214
20260209,after,13,8,17,65,11,2589
20260310,after,13,8,19,40,17,1845
20260415,after,13,7,20,40,10,705
20250925,after,12,7,24,79,13,1686
20251111,after,12,8,27,67,17,1309
20251205,after,12,7,17,32,12,318
20251206,after,12,7,17,87,16,1689
20251208,after,12,6,14,29,8,681
20260123,after,12,7,20,46,11,1125
20260127,after,12,8,19,31,12,956
20260224,after,12,4,18,38,11,664
20260226,after,12,7,22,58,16,1673
20260227,after,12,7,23,37,7,906
20260408,after,12,6,29,41,14,775
20260501,after,12,4,19,54,10,1430
20250916,before,11,4,16,32,11,1034
20260210,after,11,5,15,26,8,732
20260223,after,11,5,21,69,10,2808
20260301,after,11,6,14,28,11,1625
20260313,after,11,5,21,57,10,3860
20260428,after,11,8,21,97,16,3911
20250915,before,10,5,16,111,11,4156
20251016,after,10,5,16,54,10,1149
20251018,after,10,5,13,22,7,196
20251023,after,10,8,16,49,8,697
20251204,after,10,2,16,66,10,756
20260318,after,10,3,15,28,9,433
20260325,after,10,2,16,54,10,1612
20260427,after,10,5,18,26,7,551
20260429,after,10,4,18,41,10,1312
20250908,before,9,6,16,32,7,461
20250909,before,9,7,16,25,9,820
20250910,before,9,7,13,30,6,987
20250929,after,9,6,16,47,8,1197
20251013,after,9,7,15,20,5,275
20251106,after,9,5,19,46,10,415
20251107,after,9,8,15,22,6,434
20260126,after,9,4,18,40,10,653
20260128,after,9,5,16,26,7,197
20260202,after,9,3,18,58,13,2628
20260203,after,9,6,21,30,12,1107
20260206,after,9,5,13,22,7,278
20260217,after,9,2,20,41,12,505
20260225,after,9,4,16,28,8,432
20260304,after,9,5,16,24,8,666
20260311,after,9,3,17,31,7,790
20260316,after,9,3,13,28,9,301
20260407,after,9,6,14,26,9,640
20260701,after,9,7,14,35,10,1276
20260902,after,9,6,15,22,6,822
20250906,before,8,7,11,22,5,368
20250917,before,8,1,9,26,8,755
20250919,before,8,5,10,13,5,118
20250922,after,8,2,15,34,9,874
20251007,after,8,2,14,17,7,404
20251028,after,8,2,9,31,6,485
20251105,after,8,4,15,30,7,919
20251112,after,8,5,13,24,7,188
20251128,after,8,2,14,30,6,270
20251219,after,8,4,10,55,7,637
20260125,after,8,4,14,40,7,544
20260130,after,8,6,12,29,6,832
20260204,after,8,2,16,35,7,1452
20260218,after,8,2,19,27,11,846
20260302,after,8,3,15,35,9,1534
20260306,after,8,2,13,27,8,720
20260309,after,8,2,14,24,8,847
20260314,after,8,5,15,20,7,276
20260320,after,8,4,11,16,5,120
20260330,after,8,5,12,24,7,222
20260418,after,8,3,15,43,10,678
20260420,after,8,3,13,31,6,481
20260601,after,8,5,16,27,5,550
20260602,after,8,4,15,21,7,535
20260617,after,8,6,12,21,6,1248
20260626,after,8,2,15,30,6,865
20260810,after,8,6,11,14,4,53
20250902,before,7,2,15,90,11,1289
20251006,after,7,2,12,37,7,1241
20251024,after,7,3,10,13,6,191
20251113,after,7,5,11,14,5,444
20251118,after,7,4,10,30,6,775
20251125,after,7,3,13,24,6,287
20251201,after,7,3,10,23,6,403
20251211,after,7,1,12,14,7,1023
20251216,after,7,4,10,53,8,592
20251218,after,7,5,12,24,8,466
20260205,after,7,2,16,23,7,150
20260207,after,7,5,9,21,6,337
20260219,after,7,0,11,33,10,1618
20260312,after,7,1,16,25,6,404
20260315,after,7,4,9,16,4,341
20260329,after,7,3,8,26,5,825
20260416,after,7,3,13,19,5,238
20260421,after,7,4,10,16,5,491
20260504,after,7,4,11,25,6,285
20260625,after,7,4,16,34,8,803
20260717,after,7,1,11,22,8,676
20260804,after,7,5,13,23,7,744
20260820,after,7,4,10,17,4,345
20260824,after,7,6,10,19,4,243
20260909,after,7,4,17,22,6,400
20250828,before,6,5,12,115,9,799
20250829,before,6,2,12,45,8,719
20250918,before,6,4,7,11,3,126
20250924,after,6,3,11,23,7,1263
20250926,after,6,3,14,24,4,318
20251014,after,6,3,8,17,5,410
20251022,after,6,1,12,77,7,2787
20251025,after,6,4,9,15,5,910
20251110,after,6,3,9,57,5,3458
20251119,after,6,4,9,15,5,410
20251124,after,6,3,8,24,5,726
20251228,after,6,3,8,10,5,264
20251230,after,6,6,8,16,4,590
20260107,after,6,4,10,34,8,780
20260114,after,6,2,10,19,6,411
20260116,after,6,2,6,12,5,228
20260131,after,6,2,7,20,4,270
20260212,after,6,4,14,21,5,332
20260216,after,6,3,8,18,5,894
20260220,after,6,0,12,38,8,299
20260323,after,6,0,15,39,8,783
20260324,after,6,2,11,33,8,533
20260327,after,6,1,14,25,8,354
20260406,after,6,4,9,12,4,72
20260413,after,6,2,12,35,5,851
20260414,after,6,4,11,36,8,2206
20260430,after,6,3,12,19,5,451
20260511,after,6,3,11,25,6,732
20260518,after,6,4,12,30,7,604
20260519,after,6,2,11,14,4,72
20260524,after,6,3,9,27,2,206
20260607,after,6,4,8,14,3,471
20260609,after,6,1,8,15,6,185
20260714,after,6,2,11,15,4,147
20260817,after,6,3,11,66,7,1160
20260831,after,6,5,11,26,5,1855
20260910,after,6,3,11,24,7,1502
20260912,after,6,4,11,23,3,942
20250920,before,5,3,5,7,4,73
20250928,after,5,2,9,44,5,1360
20251020,after,5,3,10,10,3,836
20251021,after,5,3,8,28,6,535
20251029,after,5,3,11,29,7,283
20251031,after,5,2,7,38,5,972
20251103,after,5,2,10,35,8,2826
20251109,after,5,3,6,24,4,1272
20251114,after,5,3,6,9,4,193
20251115,after,5,1,5,15,4,1070
20260109,after,5,2,9,35,6,1260
20260113,after,5,2,8,11,3,35
20260117,after,5,4,6,8,4,171
20260211,after,5,3,10,31,6,819
20260213,after,5,4,8,8,4,367
20260222,after,5,2,7,11,5,432
20260307,after,5,2,10,29,4,740
20260321,after,5,2,11,24,7,1228
20260326,after,5,1,15,33,9,1929
20260403,after,5,0,8,11,5,537
20260412,after,5,3,8,13,5,312
20260423,after,5,2,6,10,5,568
20260503,after,5,2,9,18,3,112
20260512,after,5,4,8,8,4,186
20260520,after,5,4,12,13,1,28
20260605,after,5,3,13,17,3,139
20260613,after,5,2,10,22,5,492
20260615,after,5,3,8,17,4,290
20260622,after,5,2,7,9,3,78
20260702,after,5,1,9,26,7,689
20260807,after,5,2,10,27,7,689
20260813,after,5,4,9,18,5,444
20260815,after,5,1,7,23,6,1290
20260818,after,5,2,9,11,4,314
20260827,after,5,3,6,20,3,540
20260901,after,5,4,6,18,4,470
20260905,after,5,3,12,21,4,555
20260908,after,5,4,7,15,4,929
20260913,after,5,2,10,22,6,378
20250831,before,4,1,12,131,11,1380
20250903,before,4,1,6,36,6,520
20250907,before,4,3,4,7,4,230
20250921,after,4,2,4,10,3,391
20250930,after,4,2,7,11,2,60
20251002,after,4,1,4,6,3,117
20251003,after,4,2,7,8,4,120
20251009,after,4,2,7,17,5,914
20251012,after,4,2,9,25,2,349
20251015,after,4,2,8,15,4,205
20251019,after,4,1,6,13,4,522
20251126,after,4,3,7,22,4,1016
20251130,after,4,2,6,9,3,161
20251209,after,4,0,8,13,4,52
20251210,after,4,3,9,15,3,222
20251215,after,4,1,6,13,4,808
20251217,after,4,1,5,16,4,496
20251222,after,4,4,6,8,4,342
20260101,after,4,4,6,19,2,584
20260108,after,4,1,6,12,4,207
20260115,after,4,2,9,14,3,227
20260201,after,4,2,6,10,3,398
20260303,after,4,1,5,19,4,335
20260319,after,4,2,9,9,3,173
20260328,after,4,3,7,12,3,171
20260331,after,4,1,7,10,3,41
20260402,after,4,1,7,9,2,48
20260411,after,4,3,9,12,3,248
20260422,after,4,0,6,14,4,99
20260505,after,4,4,5,7,2,80
20260507,after,4,2,8,12,3,152
20260513,after,4,3,7,16,4,500
20260517,after,4,1,5,17,4,210
20260521,after,4,2,7,21,2,484
20260522,after,4,1,7,19,2,268
20260603,after,4,1,10,22,6,543
20260604,after,4,1,11,22,5,392
20260630,after,4,2,11,10,2,133
20260704,after,4,4,5,6,2,129
20260705,after,4,3,6,20,2,748
20260707,after,4,2,5,32,4,608
20260712,after,4,3,4,11,4,310
20260720,after,4,1,5,8,3,274
20260724,after,4,2,8,11,4,184
20260727,after,4,1,8,19,5,393
20260728,after,4,3,6,11,4,243
20260805,after,4,2,11,13,5,196
20260808,after,4,1,9,15,4,29
20260811,after,4,1,6,12,3,400
20260819,after,4,3,6,11,3,501
20260823,after,4,3,6,23,4,247
20260826,after,4,2,4,8,3,0
20260904,after,4,2,4,11,2,433
20260911,after,4,2,14,28,7,1015
20260914,after,4,1,7,13,4,353
20250827,before,3,3,4,18,3,150
20250914,before,3,3,7,8,2,186
20250927,after,3,2,5,10,2,90
20251102,after,3,0,4,14,3,182
20251104,after,3,2,5,16,3,1135
20251108,after,3,2,8,13,1,193
20251116,after,3,2,8,17,4,382
20251117,after,3,1,5,14,3,711
20251127,after,3,1,4,52,3,358
20251129,after,3,3,4,3,0,0
20251220,after,3,1,4,9,2,267
20251223,after,3,2,3,9,3,343
20251231,after,3,2,6,9,3,110
20260102,after,3,1,5,11,2,70
20260104,after,3,1,7,20,3,419
20260111,after,3,2,4,4,2,250
20260112,after,3,3,3,4,2,79
20260119,after,3,2,5,9,4,679
20260124,after,3,1,5,10,1,94
20260322,after,3,2,7,10,3,431
20260404,after,3,1,8,12,2,28
20260405,after,3,2,4,11,3,182
20260419,after,3,2,5,19,3,252
20260425,after,3,3,7,12,3,141
20260506,after,3,0,7,16,3,128
20260508,after,3,2,7,7,2,510
20260510,after,3,1,3,10,3,162
20260516,after,3,3,7,10,4,125
20260528,after,3,2,5,8,2,6
20260530,after,3,1,4,7,3,66
20260531,after,3,1,6,9,2,47
20260610,after,3,1,7,7,1,53
20260611,after,3,1,4,8,2,88
20260614,after,3,2,8,22,5,499
20260619,after,3,2,5,8,2,26
20260620,after,3,2,4,3,1,23
20260623,after,3,2,8,20,3,257
20260629,after,3,1,11,24,5,287
20260703,after,3,1,4,16,2,197
20260706,after,3,2,9,20,4,869
20260709,after,3,2,7,14,5,813
20260710,after,3,3,4,33,4,2164
20260713,after,3,1,4,5,3,58
20260715,after,3,1,7,17,4,495
20260719,after,3,2,3,6,2,69
20260723,after,3,1,5,17,5,154
20260729,after,3,2,4,5,2,60
20260801,after,3,1,5,11,3,585
20260806,after,3,1,3,7,3,61
20260816,after,3,2,4,9,3,21
20260825,after,3,2,5,5,2,183
20260906,after,3,1,7,8,3,178
20260907,after,3,2,3,2,1,58
20250830,before,2,0,6,172,4,1620
20250901,before,2,2,3,8,1,60
20250913,before,2,1,2,16,1,183
20251001,after,2,1,6,9,3,78
20251004,after,2,0,6,22,4,338
20251011,after,2,0,8,115,6,2590
20251027,after,2,0,6,12,2,104
20251030,after,2,0,2,8,2,48
20251101,after,2,1,4,7,3,397
20251120,after,2,0,8,13,4,118
20251121,after,2,2,4,5,1,29
20251122,after,2,1,3,7,2,709
20251123,after,2,0,3,9,2,189
20251212,after,2,0,5,8,2,33
20251213,after,2,2,2,5,2,93
20251214,after,2,2,3,6,2,119
20251224,after,2,1,2,14,2,229
20251229,after,2,2,3,3,0,0
20260105,after,2,0,4,6,2,92
20260110,after,2,2,2,9,2,166
20260215,after,2,0,5,10,2,553
20260221,after,2,0,3,16,2,1347
20260308,after,2,2,2,2,0,0
20260401,after,2,2,3,3,1,30
20260424,after,2,1,2,3,1,67
20260502,after,2,2,2,4,1,73
20260515,after,2,2,5,8,2,199
20260529,after,2,1,5,3,0,0
20260608,after,2,1,5,5,1,2
20260616,after,2,2,4,10,2,328
20260621,after,2,2,12,12,2,576
20260624,after,2,1,6,6,2,21
20260627,after,2,0,3,6,2,182
20260708,after,2,1,5,13,3,478
20260711,after,2,2,5,33,3,744
20260716,after,2,0,6,17,4,666
20260726,after,2,0,2,7,2,551
20260730,after,2,1,3,5,2,159
20260731,after,2,1,5,7,2,21
20260803,after,2,0,6,10,3,65
20260809,after,2,2,2,6,1,92
20260814,after,2,0,4,6,2,50
20260821,after,2,2,4,17,2,366
20260828,after,2,0,7,13,3,181
20260829,after,2,2,2,3,1,60
20260830,after,2,1,2,4,2,186
20251008,after,1,0,1,1,1,55
20251221,after,1,0,2,3,1,36
20251225,after,1,1,2,2,0,0
20251226,after,1,1,4,3,0,0
20251227,after,1,1,3,2,1,75
20260103,after,1,1,3,3,0,0
20260106,after,1,1,2,2,0,0
20260118,after,1,1,2,3,1,187
20260208,after,1,0,4,5,1,91
20260214,after,1,1,2,2,1,0
20260305,after,1,0,6,18,4,324
20260426,after,1,1,2,4,1,0
20260509,after,1,1,1,1,1,7
20260514,after,1,0,7,7,1,28
20260523,after,1,1,2,5,1,80
20260526,after,1,1,7,6,0,0
20260527,after,1,0,4,9,1,49
20260606,after,1,1,5,6,1,12
20260612,after,1,0,1,4,1,61
20260618,after,1,0,4,5,1,1
20260628,after,1,1,3,3,0,0
20260718,after,1,0,1,2,1,0
20260721,after,1,0,4,10,3,72
20260722,after,1,0,1,2,1,0
20260725,after,1,1,4,9,2,107
20260812,after,1,0,1,4,1,38
20260822,after,1,1,2,1,0,0
20250827,after,0,0,0,0,0,0
20250828,after,0,0,0,0,0,0
20250829,after,0,0,0,0,0,0
20250830,after,0,0,0,0,0,0
20250831,after,0,0,0,0,0,0
20250901,after,0,0,0,0,0,0
20250902,after,0,0,0,0,0,0
20250903,after,0,0,0,0,0,0
20250904,after,0,0,0,0,0,0
20250905,after,0,0,0,0,0,0
20250906,after,0,0,0,0,0,0
20250907,after,0,0,0,0,0,0
20250908,after,0,0,0,0,0,0
20250909,after,0,0,0,0,0,0
20250910,after,0,0,0,0,0,0
20250911,after,0,0,0,0,0,0
20250912,after,0,0,0,0,0,0
20250913,after,0,0,0,0,0,0
20250914,after,0,0,0,0,0,0
20250915,after,0,0,0,0,0,0
20250916,after,0,0,0,0,0,0
20250917,after,0,0,0,0,0,0
20250918,after,0,0,0,0,0,0
20250919,after,0,0,0,0,0,0
20250920,after,0,0,0,0,0,0
20250921,before,0,0,0,0,0,0
20250922,before,0,0,0,0,0,0
20250923,before,0,0,0,0,0,0
20250924,before,0,0,0,0,0,0
20250925,before,0,0,0,0,0,0
20250926,before,0,0,0,0,0,0
20250927,before,0,0,0,0,0,0
20250928,before,0,0,0,0,0,0
20250929,before,0,0,0,0,0,0
20250930,before,0,0,0,0,0,0
20251001,before,0,0,0,0,0,0
20251002,before,0,0,0,0,0,0
20251003,before,0,0,0,0,0,0
20251004,before,0,0,0,0,0,0
20251006,before,0,0,0,0,0,0
20251007,before,0,0,0,0,0,0
20251008,before,0,0,0,0,0,0
20251009,before,0,0,0,0,0,0
20251010,before,0,0,0,0,0,0
20251011,before,0,0,0,0,0,0
20251012,before,0,0,0,0,0,0
20251013,before,0,0,0,0,0,0
20251014,before,0,0,0,0,0,0
20251015,before,0,0,0,0,0,0
20251016,before,0,0,0,0,0,0
20251017,before,0,0,0,0,0,0
20251018,before,0,0,0,0,0,0
20251019,before,0,0,0,0,0,0
20251020,before,0,0,0,0,0,0
20251021,before,0,0,0,0,0,0
20251022,before,0,0,0,0,0,0
20251023,before,0,0,0,0,0,0
20251024,before,0,0,0,0,0,0
20251025,before,0,0,0,0,0,0
20251026,after,0,0,1,1,0,0
20251026,before,0,0,0,0,0,0
20251027,before,0,0,0,0,0,0
20251028,before,0,0,0,0,0,0
20251029,before,0,0,0,0,0,0
20251030,before,0,0,0,0,0,0
20251031,before,0,0,0,0,0,0
20251101,before,0,0,0,0,0,0
20251102,before,0,0,0,0,0,0
20251103,before,0,0,0,0,0,0
20251104,before,0,0,0,0,0,0
20251105,before,0,0,0,0,0,0
20251106,before,0,0,0,0,0,0
20251107,before,0,0,0,0,0,0
20251108,before,0,0,0,0,0,0
20251109,before,0,0,0,0,0,0
20251110,before,0,0,0,0,0,0
20251111,before,0,0,0,0,0,0
20251112,before,0,0,0,0,0,0
20251113,before,0,0,0,0,0,0
20251114,before,0,0,0,0,0,0
20251115,before,0,0,0,0,0,0
20251116,before,0,0,0,0,0,0
20251117,before,0,0,0,0,0,0
20251118,before,0,0,0,0,0,0
20251119,before,0,0,0,0,0,0
20251120,before,0,0,0,0,0,0
20251121,before,0,0,0,0,0,0
20251122,before,0,0,0,0,0,0
20251123,before,0,0,0,0,0,0
20251124,before,0,0,0,0,0,0
20251125,before,0,0,0,0,0,0
20251126,before,0,0,0,0,0,0
20251127,before,0,0,0,0,0,0
20251128,before,0,0,0,0,0,0
20251129,before,0,0,0,0,0,0
20251130,before,0,0,0,0,0,0
20251201,before,0,0,0,0,0,0
20251202,before,0,0,0,0,0,0
20251203,before,0,0,0,0,0,0
20251204,before,0,0,0,0,0,0
20251205,before,0,0,0,0,0,0
20251206,before,0,0,0,0,0,0
20251207,before,0,0,0,0,0,0
20251208,before,0,0,0,0,0,0
20251209,before,0,0,0,0,0,0
20251210,before,0,0,0,0,0,0
20251211,before,0,0,0,0,0,0
20251212,before,0,0,0,0,0,0
20251213,before,0,0,0,0,0,0
20251214,before,0,0,0,0,0,0
20251215,before,0,0,0,0,0,0
20251216,before,0,0,0,0,0,0
20251217,before,0,0,0,0,0,0
20251218,before,0,0,0,0,0,0
20251219,before,0,0,0,0,0,0
20251220,before,0,0,0,0,0,0
20251221,before,0,0,0,0,0,0
20251222,before,0,0,0,0,0,0
20251223,before,0,0,0,0,0,0
20251224,before,0,0,0,0,0,0
20251225,before,0,0,0,0,0,0
20251226,before,0,0,0,0,0,0
20251227,before,0,0,0,0,0,0
20251228,before,0,0,0,0,0,0
20251229,before,0,0,0,0,0,0
20251230,before,0,0,0,0,0,0
20251231,before,0,0,0,0,0,0
20260101,before,0,0,0,0,0,0
20260102,before,0,0,0,0,0,0
20260103,before,0,0,0,0,0,0
20260104,before,0,0,0,0,0,0
20260105,before,0,0,0,0,0,0
20260106,before,0,0,0,0,0,0
20260107,before,0,0,0,0,0,0
20260108,before,0,0,0,0,0,0
20260109,before,0,0,0,0,0,0
20260110,before,0,0,0,0,0,0
20260111,before,0,0,0,0,0,0
20260112,before,0,0,0,0,0,0
20260113,before,0,0,0,0,0,0
20260114,before,0,0,0,0,0,0
20260115,before,0,0,0,0,0,0
20260116,before,0,0,0,0,0,0
20260117,before,0,0,0,0,0,0
20260118,before,0,0,0,0,0,0
20260119,before,0,0,0,0,0,0
20260120,before,0,0,0,0,0,0
20260121,before,0,0,0,0,0,0
20260122,before,0,0,0,0,0,0
20260123,before,0,0,0,0,0,0
20260124,before,0,0,0,0,0,0
20260125,before,0,0,0,0,0,0
20260126,before,0,0,0,0,0,0
20260127,before,0,0,0,0,0,0
20260128,before,0,0,0,0,0,0
20260129,before,0,0,0,0,0,0
20260130,before,0,0,0,0,0,0
20260131,before,0,0,0,0,0,0
20260201,before,0,0,0,0,0,0
20260202,before,0,0,0,0,0,0
20260203,before,0,0,0,0,0,0
20260204,before,0,0,0,0,0,0
20260205,before,0,0,0,0,0,0
20260206,before,0,0,0,0,0,0
20260207,before,0,0,0,0,0,0
20260208,before,0,0,0,0,0,0
20260209,before,0,0,0,0,0,0
20260210,before,0,0,0,0,0,0
20260211,before,0,0,0,0,0,0
20260212,before,0,0,0,0,0,0
20260213,before,0,0,0,0,0,0
20260214,before,0,0,0,0,0,0
20260215,before,0,0,0,0,0,0
20260216,before,0,0,0,0,0,0
20260217,before,0,0,0,0,0,0
20260218,before,0,0,0,0,0,0
20260219,before,0,0,0,0,0,0
20260220,before,0,0,0,0,0,0
20260221,before,0,0,0,0,0,0
20260222,before,0,0,0,0,0,0
20260223,before,0,0,0,0,0,0
20260224,before,0,0,0,0,0,0
20260225,before,0,0,0,0,0,0
20260226,before,0,0,0,0,0,0
20260227,before,0,0,0,0,0,0
20260228,before,0,0,0,0,0,0
20260301,before,0,0,0,0,0,0
20260302,before,0,0,0,0,0,0
20260303,before,0,0,0,0,0,0
20260304,before,0,0,0,0,0,0
20260305,before,0,0,0,0,0,0
20260306,before,0,0,0,0,0,0
20260307,before,0,0,0,0,0,0
20260308,before,0,0,0,0,0,0
20260309,before,0,0,0,0,0,0
20260310,before,0,0,0,0,0,0
20260311,before,0,0,0,0,0,0
20260312,before,0,0,0,0,0,0
20260313,before,0,0,0,0,0,0
20260314,before,0,0,0,0,0,0
20260315,before,0,0,0,0,0,0
20260316,before,0,0,0,0,0,0
20260317,before,0,0,0,0,0,0
20260318,before,0,0,0,0,0,0
20260319,before,0,0,0,0,0,0
20260320,before,0,0,0,0,0,0
20260321,before,0,0,0,0,0,0
20260322,before,0,0,0,0,0,0
20260323,before,0,0,0,0,0,0
20260324,before,0,0,0,0,0,0
20260325,before,0,0,0,0,0,0
20260326,before,0,0,0,0,0,0
20260327,before,0,0,0,0,0,0
20260328,before,0,0,0,0,0,0
20260329,before,0,0,0,0,0,0
20260330,before,0,0,0,0,0,0
20260331,before,0,0,0,0,0,0
20260401,before,0,0,0,0,0,0
20260402,before,0,0,0,0,0,0
20260403,before,0,0,0,0,0,0
20260404,before,0,0,0,0,0,0
20260405,before,0,0,0,0,0,0
20260406,before,0,0,0,0,0,0
20260407,before,0,0,0,0,0,0
20260408,before,0,0,0,0,0,0
20260409,before,0,0,0,0,0,0
20260410,before,0,0,0,0,0,0
20260411,before,0,0,0,0,0,0
20260412,before,0,0,0,0,0,0
20260413,before,0,0,0,0,0,0
20260414,before,0,0,0,0,0,0
20260415,before,0,0,0,0,0,0
20260416,before,0,0,0,0,0,0
20260417,before,0,0,0,0,0,0
20260418,before,0,0,0,0,0,0
20260419,before,0,0,0,0,0,0
20260420,before,0,0,0,0,0,0
20260421,before,0,0,0,0,0,0
20260422,before,0,0,0,0,0,0
20260423,before,0,0,0,0,0,0
20260424,before,0,0,0,0,0,0
20260425,before,0,0,0,0,0,0
20260426,before,0,0,0,0,0,0
20260427,before,0,0,0,0,0,0
20260428,before,0,0,0,0,0,0
20260429,before,0,0,0,0,0,0
20260430,before,0,0,0,0,0,0
20260501,before,0,0,0,0,0,0
20260502,before,0,0,0,0,0,0
20260503,before,0,0,0,0,0,0
20260504,before,0,0,0,0,0,0
20260505,before,0,0,0,0,0,0
20260506,before,0,0,0,0,0,0
20260507,before,0,0,0,0,0,0
20260508,before,0,0,0,0,0,0
20260509,before,0,0,0,0,0,0
20260510,before,0,0,0,0,0,0
20260511,before,0,0,0,0,0,0
20260512,before,0,0,0,0,0,0
20260513,before,0,0,0,0,0,0
20260514,before,0,0,0,0,0,0
20260515,before,0,0,0,0,0,0
20260516,before,0,0,0,0,0,0
20260517,before,0,0,0,0,0,0
20260518,before,0,0,0,0,0,0
20260519,before,0,0,0,0,0,0
20260520,before,0,0,0,0,0,0
20260521,before,0,0,0,0,0,0
20260522,before,0,0,0,0,0,0
20260523,before,0,0,0,0,0,0
20260524,before,0,0,0,0,0,0
20260525,after,0,0,2,2,0,0
20260525,before,0,0,0,0,0,0
20260526,before,0,0,0,0,0,0
20260527,before,0,0,0,0,0,0
20260528,before,0,0,0,0,0,0
20260529,before,0,0,0,0,0,0
20260530,before,0,0,0,0,0,0
20260531,before,0,0,0,0,0,0
20260601,before,0,0,0,0,0,0
20260602,before,0,0,0,0,0,0
20260603,before,0,0,0,0,0,0
20260604,before,0,0,0,0,0,0
20260605,before,0,0,0,0,0,0
20260606,before,0,0,0,0,0,0
20260607,before,0,0,0,0,0,0
20260608,before,0,0,0,0,0,0
20260609,before,0,0,0,0,0,0
20260610,before,0,0,0,0,0,0
20260611,before,0,0,0,0,0,0
20260612,before,0,0,0,0,0,0
20260613,before,0,0,0,0,0,0
20260614,before,0,0,0,0,0,0
20260615,before,0,0,0,0,0,0
20260616,before,0,0,0,0,0,0
20260617,before,0,0,0,0,0,0
20260618,before,0,0,0,0,0,0
20260619,before,0,0,0,0,0,0
20260620,before,0,0,0,0,0,0
20260621,before,0,0,0,0,0,0
20260622,before,0,0,0,0,0,0
20260623,before,0,0,0,0,0,0
20260624,before,0,0,0,0,0,0
20260625,before,0,0,0,0,0,0
20260626,before,0,0,0,0,0,0
20260627,before,0,0,0,0,0,0
20260628,before,0,0,0,0,0,0
20260629,before,0,0,0,0,0,0
20260630,before,0,0,0,0,0,0
20260701,before,0,0,0,0,0,0
20260702,before,0,0,0,0,0,0
20260703,before,0,0,0,0,0,0
20260704,before,0,0,0,0,0,0
20260705,before,0,0,0,0,0,0
20260706,before,0,0,0,0,0,0
20260707,before,0,0,0,0,0,0
20260708,before,0,0,0,0,0,0
20260709,before,0,0,0,0,0,0
20260710,before,0,0,0,0,0,0
20260711,before,0,0,0,0,0,0
20260712,before,0,0,0,0,0,0
20260713,before,0,0,0,0,0,0
20260714,before,0,0,0,0,0,0
20260715,before,0,0,0,0,0,0
20260716,before,0,0,0,0,0,0
20260717,before,0,0,0,0,0,0
20260718,before,0,0,0,0,0,0
20260719,before,0,0,0,0,0,0
20260720,before,0,0,0,0,0,0
20260721,before,0,0,0,0,0,0
20260722,before,0,0,0,0,0,0
20260723,before,0,0,0,0,0,0
20260724,before,0,0,0,0,0,0
20260725,before,0,0,0,0,0,0
20260726,before,0,0,0,0,0,0
20260727,before,0,0,0,0,0,0
20260728,before,0,0,0,0,0,0
20260729,before,0,0,0,0,0,0
20260730,before,0,0,0,0,0,0
20260731,before,0,0,0,0,0,0
20260801,before,0,0,0,0,0,0
20260803,before,0,0,0,0,0,0
20260804,before,0,0,0,0,0,0
20260805,before,0,0,0,0,0,0
20260806,before,0,0,0,0,0,0
20260807,before,0,0,0,0,0,0
20260808,before,0,0,0,0,0,0
20260809,before,0,0,0,0,0,0
20260810,before,0,0,0,0,0,0
20260811,before,0,0,0,0,0,0
20260812,before,0,0,0,0,0,0
20260813,before,0,0,0,0,0,0
20260814,before,0,0,0,0,0,0
20260815,before,0,0,0,0,0,0
20260816,before,0,0,0,0,0,0
20260817,before,0,0,0,0,0,0
20260818,before,0,0,0,0,0,0
20260819,before,0,0,0,0,0,0
20260820,before,0,0,0,0,0,0
20260821,before,0,0,0,0,0,0
20260822,before,0,0,0,0,0,0
20260823,before,0,0,0,0,0,0
20260824,before,0,0,0,0,0,0
20260825,before,0,0,0,0,0,0
20260826,before,0,0,0,0,0,0
20260827,before,0,0,0,0,0,0
20260828,before,0,0,0,0,0,0
20260829,before,0,0,0,0,0,0
20260830,before,0,0,0,0,0,0
20260831,before,0,0,0,0,0,0
20260901,before,0,0,0,0,0,0
20260902,before,0,0,0,0,0,0
20260903,before,0,0,0,0,0,0
20260904,before,0,0,0,0,0,0
20260905,before,0,0,0,0,0,0
20260906,before,0,0,0,0,0,0
20260907,before,0,0,0,0,0,0
20260908,before,0,0,0,0,0,0
20260909,before,0,0,0,0,0,0
20260910,before,0,0,0,0,0,0
20260911,before,0,0,0,0,0,0
20260912,before,0,0,0,0,0,0
20260913,before,0,0,0,0,0,0
20260914,before,0,0,0,0,0,0
