dateRange,date,clicks,impressions,ctr,position
before,2025-05-04,11,392,0.0281,15.8
before,2025-05-05,13,634,0.0205,12.1
before,2025-05-06,25,608,0.0411,12.3
before,2025-05-07,12,600,0.02,14.5
before,2025-05-08,14,504,0.0278,13.7
before,2025-05-09,18,522,0.0345,11.8
before,2025-05-10,6,353,0.017,16.1
before,2025-05-11,10,375,0.0267,16.6
before,2025-05-12,26,783,0.0332,11.7
before,2025-05-13,28,625,0.0448,14.8
before,2025-05-14,34,726,0.0468,12.1
before,2025-05-15,20,648,0.0309,12.0
before,2025-05-16,14,500,0.028,17.2
before,2025-05-17,8,446,0.0179,18.7
before,2025-05-18,9,493,0.0183,16.0
before,2025-05-19,23,687,0.0335,14.0
before,2025-05-20,21,613,0.0343,12.5
before,2025-05-21,12,622,0.0193,12.5
before,2025-05-22,20,619,0.0323,14.2
before,2025-05-23,12,485,0.0247,16.1
before,2025-05-24,2,398,0.005,18.2
before,2025-05-25,9,473,0.019,19.2
before,2025-05-26,11,558,0.0197,16.5
before,2025-05-27,10,527,0.019,14.4
before,2025-05-28,22,554,0.0397,16.4
before,2025-05-29,12,501,0.024,16.9
before,2025-05-30,16,460,0.0348,20.6
before,2025-05-31,3,410,0.0073,22.9
before,2025-06-01,11,389,0.0283,20.0
before,2025-06-02,22,539,0.0408,15.5
before,2025-06-03,16,587,0.0273,16.4
before,2025-06-04,17,663,0.0256,14.5
before,2025-06-05,21,593,0.0354,15.5
before,2025-06-06,13,500,0.026,15.1
before,2025-06-07,6,384,0.0156,20.9
before,2025-06-08,9,383,0.0235,22.2
before,2025-06-09,19,574,0.0331,12.7
before,2025-06-10,23,621,0.037,15.0
before,2025-06-11,17,575,0.0296,16.7
before,2025-06-12,19,628,0.0303,15.4
before,2025-06-13,16,483,0.0331,15.3
before,2025-06-14,12,418,0.0287,21.4
before,2025-06-15,11,376,0.0293,18.5
before,2025-06-16,17,573,0.0297,14.0
before,2025-06-17,20,551,0.0363,13.3
before,2025-06-18,24,556,0.0432,11.6
before,2025-06-19,25,542,0.0461,17.4
before,2025-06-20,23,479,0.048,15.4
before,2025-06-21,5,414,0.0121,18.4
before,2025-06-22,5,372,0.0134,16.8
before,2025-06-23,18,538,0.0335,14.4
before,2025-06-24,18,552,0.0326,13.8
before,2025-06-25,15,533,0.0281,14.0
before,2025-06-26,13,532,0.0244,13.5
before,2025-06-27,12,479,0.0251,17.3
before,2025-06-28,9,305,0.0295,17.0
before,2025-06-29,11,405,0.0272,23.8
before,2025-06-30,13,530,0.0245,13.6
before,2025-07-01,19,509,0.0373,13.9
before,2025-07-02,22,616,0.0357,13.4
before,2025-07-03,12,557,0.0215,14.8
before,2025-07-04,10,531,0.0188,20.0
before,2025-07-05,11,361,0.0305,17.6
before,2025-07-06,15,399,0.0376,16.8
before,2025-07-07,11,525,0.021,17.1
before,2025-07-08,17,548,0.031,14.6
before,2025-07-09,35,718,0.0487,13.1
before,2025-07-10,22,633,0.0348,15.6
before,2025-07-11,19,510,0.0373,15.7
before,2025-07-12,8,421,0.019,19.2
before,2025-07-13,10,409,0.0244,20.3
before,2025-07-14,24,547,0.0439,16.3
before,2025-07-15,16,561,0.0285,15.8
before,2025-07-16,23,535,0.043,13.6
before,2025-07-17,16,528,0.0303,13.2
before,2025-07-18,9,381,0.0236,18.1
before,2025-07-19,7,306,0.0229,19.1
before,2025-07-20,10,346,0.0289,18.5
before,2025-07-21,13,475,0.0274,16.7
before,2025-07-22,13,486,0.0267,17.3
before,2025-07-23,19,492,0.0386,14.8
before,2025-07-24,20,497,0.0402,13.7
before,2025-07-25,11,353,0.0312,15.0
before,2025-07-26,11,308,0.0357,17.9
before,2025-07-27,13,314,0.0414,19.8
before,2025-07-28,15,435,0.0345,12.8
before,2025-07-29,16,471,0.034,12.5
before,2025-07-30,12,381,0.0315,16.3
before,2025-07-31,19,395,0.0481,13.4
before,2025-08-01,7,384,0.0182,17.5
before,2025-08-02,2,234,0.0085,20.2
before,2025-08-03,5,274,0.0182,22.1
before,2025-08-04,12,463,0.0259,14.2
before,2025-08-05,17,453,0.0375,14.5
before,2025-08-06,11,452,0.0243,16.3
before,2025-08-07,16,533,0.03,15.8
before,2025-08-08,13,403,0.0323,12.8
before,2025-08-09,4,323,0.0124,17.5
before,2025-08-10,12,338,0.0355,18.7
before,2025-08-11,11,520,0.0212,16.7
before,2025-08-12,13,562,0.0231,14.9
before,2025-08-13,24,558,0.043,15.8
before,2025-08-14,11,439,0.0251,15.4
before,2025-08-15,18,379,0.0475,16.0
before,2025-08-16,16,326,0.0491,15.9
before,2025-08-17,10,363,0.0275,13.1
before,2025-08-18,22,479,0.0459,13.2
before,2025-08-19,14,528,0.0265,14.2
before,2025-08-20,9,499,0.018,14.6
before,2025-08-21,19,530,0.0358,14.8
before,2025-08-22,8,477,0.0168,14.9
before,2025-08-23,5,345,0.0145,16.6
before,2025-08-24,9,474,0.019,15.7
before,2025-08-25,22,554,0.0397,14.3
before,2025-08-26,20,578,0.0346,16.1
before,2025-08-27,20,514,0.0389,15.9
before,2025-08-28,21,536,0.0392,15.4
before,2025-08-29,10,477,0.021,15.4
before,2025-08-30,13,416,0.0312,17.0
before,2025-08-31,6,392,0.0153,17.3
before,2025-09-01,17,610,0.0279,14.8
before,2025-09-02,17,576,0.0295,14.4
before,2025-09-03,19,600,0.0317,14.8
before,2025-09-04,27,703,0.0384,18.6
before,2025-09-05,21,628,0.0334,17.0
before,2025-09-06,10,496,0.0202,20.6
before,2025-09-07,15,562,0.0267,18.7
before,2025-09-08,24,629,0.0382,15.9
before,2025-09-09,23,645,0.0357,17.1
before,2025-09-10,28,591,0.0474,14.3
before,2025-09-11,32,518,0.0618,12.2
before,2025-09-12,19,488,0.0389,10.0
before,2025-09-13,6,276,0.0217,7.0
before,2025-09-14,7,289,0.0242,7.7
before,2025-09-15,29,449,0.0646,7.4
before,2025-09-16,21,389,0.054,8.0
before,2025-09-17,21,354,0.0593,7.3
before,2025-09-18,12,307,0.0391,8.2
before,2025-09-19,11,297,0.037,8.2
before,2025-09-20,7,191,0.0366,8.9
after,2025-09-21,15,198,0.0758,7.6
after,2025-09-22,13,285,0.0456,5.2
after,2025-09-23,27,379,0.0712,5.2
after,2025-09-24,18,308,0.0584,5.8
after,2025-09-25,19,267,0.0712,5.1
after,2025-09-26,23,259,0.0888,6.0
after,2025-09-27,13,178,0.073,7.3
after,2025-09-28,9,208,0.0433,6.5
after,2025-09-29,29,345,0.0841,5.9
after,2025-09-30,16,344,0.0465,6.3
after,2025-10-01,20,317,0.0631,5.9
after,2025-10-02,28,313,0.0895,5.9
after,2025-10-03,8,238,0.0336,6.5
after,2025-10-04,6,151,0.0397,6.5
after,2025-10-05,6,143,0.042,5.8
after,2025-10-06,23,290,0.0793,6.7
after,2025-10-07,16,264,0.0606,5.1
after,2025-10-08,15,267,0.0562,4.7
after,2025-10-09,35,321,0.109,4.2
after,2025-10-10,26,294,0.0884,5.2
after,2025-10-11,14,208,0.0673,7.4
after,2025-10-12,23,328,0.0701,3.5
after,2025-10-13,24,289,0.083,5.4
after,2025-10-14,30,294,0.102,5.3
after,2025-10-15,32,327,0.0979,4.7
after,2025-10-16,17,300,0.0567,5.4
after,2025-10-17,27,255,0.1059,6.1
after,2025-10-18,29,309,0.0939,4.1
after,2025-10-19,10,224,0.0446,4.8
after,2025-10-20,20,284,0.0704,4.7
after,2025-10-21,24,269,0.0892,5.0
after,2025-10-22,18,259,0.0695,4.8
after,2025-10-23,15,262,0.0573,5.3
after,2025-10-24,10,189,0.0529,5.6
after,2025-10-25,13,124,0.1048,7.7
after,2025-10-26,10,127,0.0787,7.3
after,2025-10-27,25,304,0.0822,5.7
after,2025-10-28,14,248,0.0565,5.1
after,2025-10-29,9,248,0.0363,5.9
after,2025-10-30,12,291,0.0412,5.5
after,2025-10-31,18,233,0.0773,7.4
after,2025-11-01,10,123,0.0813,6.4
after,2025-11-02,4,145,0.0276,7.4
after,2025-11-03,9,290,0.031,4.4
after,2025-11-04,18,233,0.0773,5.7
after,2025-11-05,30,303,0.099,4.7
after,2025-11-06,19,274,0.0693,7.4
after,2025-11-07,14,270,0.0519,5.3
after,2025-11-08,14,164,0.0854,5.0
after,2025-11-09,9,179,0.0503,7.1
after,2025-11-10,15,271,0.0554,5.0
after,2025-11-11,17,231,0.0736,5.1
after,2025-11-12,21,241,0.0871,5.1
after,2025-11-13,16,207,0.0773,4.6
after,2025-11-14,14,227,0.0617,6.4
after,2025-11-15,4,151,0.0265,6.4
after,2025-11-16,10,204,0.049,4.8
after,2025-11-17,16,242,0.0661,6.0
after,2025-11-18,19,367,0.0518,5.6
after,2025-11-19,22,292,0.0753,5.4
after,2025-11-20,12,285,0.0421,6.4
after,2025-11-21,9,262,0.0344,6.5
after,2025-11-22,4,171,0.0234,9.0
after,2025-11-23,11,252,0.0437,8.9
after,2025-11-24,16,316,0.0506,6.4
after,2025-11-25,19,298,0.0638,6.2
after,2025-11-26,13,272,0.0478,6.9
after,2025-11-27,9,209,0.0431,7.4
after,2025-11-28,14,201,0.0697,6.6
after,2025-11-29,14,193,0.0725,6.3
after,2025-11-30,13,229,0.0568,7.3
after,2025-12-01,33,326,0.1012,4.4
after,2025-12-02,83,656,0.1265,3.4
after,2025-12-03,39,375,0.104,6.1
after,2025-12-04,35,328,0.1067,6.1
after,2025-12-05,28,265,0.1057,5.1
after,2025-12-06,23,213,0.108,8.0
after,2025-12-07,96,1000,0.096,2.7
after,2025-12-08,27,395,0.0684,3.8
after,2025-12-09,18,302,0.0596,4.9
after,2025-12-10,21,327,0.0642,5.0
after,2025-12-11,18,305,0.059,5.8
after,2025-12-12,13,217,0.0599,5.2
after,2025-12-13,17,193,0.0881,4.3
after,2025-12-14,14,193,0.0725,6.4
after,2025-12-15,17,250,0.068,8.0
after,2025-12-16,15,267,0.0562,6.4
after,2025-12-17,17,248,0.0685,5.1
after,2025-12-18,11,240,0.0458,5.3
after,2025-12-19,15,241,0.0622,5.2
after,2025-12-20,9,174,0.0517,6.6
after,2025-12-21,7,245,0.0286,8.0
after,2025-12-22,6,235,0.0255,6.3
after,2025-12-23,17,270,0.063,6.1
after,2025-12-24,9,178,0.0506,7.7
after,2025-12-25,2,176,0.0114,7.3
after,2025-12-26,5,191,0.0262,6.6
after,2025-12-27,6,230,0.0261,5.2
after,2025-12-28,5,213,0.0235,8.6
after,2025-12-29,23,366,0.0628,5.1
after,2025-12-30,15,376,0.0399,6.0
after,2025-12-31,15,302,0.0497,6.5
after,2026-01-01,13,235,0.0553,6.1
after,2026-01-02,5,278,0.018,7.2
after,2026-01-03,6,251,0.0239,6.2
after,2026-01-04,6,403,0.0149,6.4
after,2026-01-05,13,310,0.0419,5.9
after,2026-01-06,18,392,0.0459,6.0
after,2026-01-07,20,525,0.0381,6.8
after,2026-01-08,9,371,0.0243,6.1
after,2026-01-09,8,329,0.0243,6.0
after,2026-01-10,8,344,0.0233,7.3
after,2026-01-11,14,325,0.0431,7.2
after,2026-01-12,12,391,0.0307,6.5
after,2026-01-13,17,394,0.0431,6.9
after,2026-01-14,18,408,0.0441,6.4
after,2026-01-15,23,428,0.0537,7.9
after,2026-01-16,21,435,0.0483,5.2
after,2026-01-17,12,396,0.0303,8.9
after,2026-01-18,6,379,0.0158,7.4
after,2026-01-19,21,425,0.0494,7.5
after,2026-01-20,143,1311,0.1091,2.8
after,2026-01-21,72,1043,0.069,4.1
after,2026-01-22,47,762,0.0617,6.1
after,2026-01-23,48,691,0.0695,4.5
after,2026-01-24,11,296,0.0372,7.0
after,2026-01-25,17,466,0.0365,5.0
after,2026-01-26,32,838,0.0382,12.0
after,2026-01-27,24,1011,0.0237,13.1
after,2026-01-28,37,1063,0.0348,12.5
after,2026-01-29,47,1114,0.0422,12.4
after,2026-01-30,26,935,0.0278,14.5
after,2026-01-31,8,669,0.012,13.6
after,2026-02-01,19,908,0.0209,15.3
after,2026-02-02,29,1473,0.0197,17.7
after,2026-02-03,38,950,0.04,14.7
after,2026-02-04,22,1194,0.0184,15.5
after,2026-02-05,29,1577,0.0184,19.1
after,2026-02-06,31,837,0.037,15.6
after,2026-02-07,14,865,0.0162,16.4
after,2026-02-08,13,695,0.0187,14.5
after,2026-02-09,27,1477,0.0183,18.2
after,2026-02-10,12,1690,0.0071,19.0
after,2026-02-11,18,1825,0.0099,20.4
after,2026-02-12,30,1863,0.0161,19.8
after,2026-02-13,15,352,0.0426,5.4
after,2026-02-14,8,248,0.0323,8.5
after,2026-02-15,22,287,0.0767,6.3
after,2026-02-16,17,461,0.0369,7.7
after,2026-02-17,13,556,0.0234,5.9
after,2026-02-18,20,457,0.0438,5.9
after,2026-02-19,28,477,0.0587,5.7
after,2026-02-20,9,388,0.0232,5.7
after,2026-02-21,12,388,0.0309,6.1
after,2026-02-22,10,335,0.0299,7.3
after,2026-02-23,32,448,0.0714,5.2
after,2026-02-24,28,433,0.0647,6.6
after,2026-02-25,26,508,0.0512,5.2
after,2026-02-26,39,538,0.0725,4.8
after,2026-02-27,28,527,0.0531,5.6
after,2026-02-28,46,633,0.0727,3.6
after,2026-03-01,29,423,0.0686,5.6
after,2026-03-02,20,513,0.039,4.9
after,2026-03-03,21,498,0.0422,5.3
after,2026-03-04,20,445,0.0449,4.7
after,2026-03-05,19,397,0.0479,5.1
after,2026-03-06,26,322,0.0807,5.2
after,2026-03-07,16,232,0.069,6.3
after,2026-03-08,10,358,0.0279,5.5
after,2026-03-09,22,407,0.0541,4.9
after,2026-03-10,26,510,0.051,4.5
after,2026-03-11,39,452,0.0863,4.3
after,2026-03-12,27,424,0.0637,5.1
after,2026-03-13,20,378,0.0529,4.9
after,2026-03-14,12,260,0.0462,4.9
after,2026-03-15,12,310,0.0387,5.5
after,2026-03-16,17,344,0.0494,5.7
after,2026-03-17,30,2780,0.0108,5.7
after,2026-03-18,13,626,0.0208,4.6
after,2026-03-19,18,492,0.0366,4.8
after,2026-03-20,17,437,0.0389,4.8
after,2026-03-21,14,345,0.0406,6.3
after,2026-03-22,10,243,0.0412,5.5
after,2026-03-23,20,375,0.0533,4.7
after,2026-03-24,24,414,0.058,4.8
after,2026-03-25,22,374,0.0588,4.9
after,2026-03-26,17,480,0.0354,4.7
after,2026-03-27,21,371,0.0566,5.6
after,2026-03-28,9,301,0.0299,5.9
after,2026-03-29,20,327,0.0612,4.3
after,2026-03-30,22,576,0.0382,5.5
after,2026-03-31,21,376,0.0559,4.7
after,2026-04-01,20,315,0.0635,5.1
after,2026-04-02,24,318,0.0755,5.1
after,2026-04-03,13,360,0.0361,4.6
after,2026-04-04,22,462,0.0476,4.4
after,2026-04-05,14,298,0.047,5.2
after,2026-04-06,21,323,0.065,5.3
after,2026-04-07,19,2128,0.0089,5.0
after,2026-04-08,47,584,0.0805,5.0
after,2026-04-09,62,668,0.0928,4.2
after,2026-04-10,43,477,0.0901,5.1
after,2026-04-11,21,482,0.0436,5.1
after,2026-04-12,14,371,0.0377,6.1
after,2026-04-13,24,685,0.035,4.9
after,2026-04-14,23,543,0.0424,5.3
after,2026-04-15,20,564,0.0355,5.7
after,2026-04-16,29,650,0.0446,5.2
after,2026-04-17,21,352,0.0597,6.0
after,2026-04-18,14,385,0.0364,6.4
after,2026-04-19,17,390,0.0436,8.4
after,2026-04-20,25,517,0.0484,8.4
after,2026-04-21,31,679,0.0457,9.2
after,2026-04-22,15,490,0.0306,8.5
after,2026-04-23,24,525,0.0457,7.0
after,2026-04-24,14,535,0.0262,11.3
after,2026-04-25,10,371,0.027,9.2
after,2026-04-26,12,381,0.0315,13.7
after,2026-04-27,18,577,0.0312,9.2
after,2026-04-28,27,482,0.056,10.6
after,2026-04-29,32,496,0.0645,5.1
after,2026-04-30,29,472,0.0614,6.2
after,2026-05-01,17,501,0.0339,7.3
after,2026-05-02,12,271,0.0443,9.9
after,2026-05-03,13,328,0.0396,10.4
after,2026-05-04,12,514,0.0233,7.2
after,2026-05-05,16,446,0.0359,7.5
after,2026-05-06,21,516,0.0407,7.3
after,2026-05-07,31,444,0.0698,7.7
after,2026-05-08,17,565,0.0301,5.8
after,2026-05-09,11,338,0.0325,5.8
after,2026-05-10,13,325,0.04,5.4
after,2026-05-11,17,788,0.0216,5.5
after,2026-05-12,21,398,0.0528,7.1
after,2026-05-13,21,453,0.0464,7.2
after,2026-05-14,19,310,0.0613,6.6
after,2026-05-15,19,283,0.0671,6.9
after,2026-05-16,9,399,0.0226,7.3
after,2026-05-17,15,277,0.0542,7.1
after,2026-05-18,26,345,0.0754,6.6
after,2026-05-19,24,323,0.0743,5.3
after,2026-05-20,20,321,0.0623,6.4
after,2026-05-21,16,537,0.0298,9.2
after,2026-05-22,16,493,0.0325,9.8
after,2026-05-23,9,216,0.0417,7.5
after,2026-05-24,5,191,0.0262,6.6
after,2026-05-25,7,297,0.0236,7.0
after,2026-05-26,15,348,0.0431,4.5
after,2026-05-27,17,534,0.0318,7.5
after,2026-05-28,26,428,0.0607,4.5
after,2026-05-29,8,238,0.0336,5.7
after,2026-05-30,9,187,0.0481,5.4
after,2026-05-31,7,196,0.0357,4.5
after,2026-06-01,24,363,0.0661,5.3
after,2026-06-02,20,439,0.0456,5.6
after,2026-06-03,12,334,0.0359,4.8
after,2026-06-04,15,320,0.0469,4.9
after,2026-06-05,9,671,0.0134,10.5
after,2026-06-06,2,260,0.0077,5.9
after,2026-06-07,11,395,0.0278,4.6
after,2026-06-08,10,417,0.024,4.7
after,2026-06-09,24,528,0.0455,4.9
after,2026-06-10,16,435,0.0368,7.6
after,2026-06-11,9,360,0.025,5.4
after,2026-06-12,12,350,0.0343,5.0
after,2026-06-13,7,273,0.0256,5.9
after,2026-06-14,11,243,0.0453,5.4
after,2026-06-15,13,314,0.0414,6.7
after,2026-06-16,14,423,0.0331,5.6
after,2026-06-17,20,420,0.0476,6.3
after,2026-06-18,11,324,0.034,6.7
after,2026-06-19,14,321,0.0436,6.7
after,2026-06-20,5,284,0.0176,6.6
after,2026-06-21,7,272,0.0257,7.3
after,2026-06-22,17,339,0.0501,5.8
after,2026-06-23,17,540,0.0315,7.5
after,2026-06-24,11,468,0.0235,8.4
after,2026-06-25,30,483,0.0621,4.4
after,2026-06-26,28,754,0.0371,4.5
after,2026-06-27,9,307,0.0293,6.6
after,2026-06-28,9,269,0.0335,4.9
after,2026-06-29,13,648,0.0201,5.6
after,2026-06-30,30,425,0.0706,4.7
after,2026-07-01,17,320,0.0531,5.5
after,2026-07-02,12,337,0.0356,6.2
after,2026-07-03,13,278,0.0468,5.4
after,2026-07-04,6,293,0.0205,6.8
after,2026-07-05,13,387,0.0336,5.6
after,2026-07-06,15,446,0.0336,5.3
after,2026-07-07,11,414,0.0266,9.2
after,2026-07-08,17,324,0.0525,6.5
after,2026-07-09,18,393,0.0458,5.6
after,2026-07-10,13,404,0.0322,6.0
after,2026-07-11,1,211,0.0047,7.7
after,2026-07-12,8,199,0.0402,7.8
after,2026-07-13,16,246,0.065,5.3
after,2026-07-14,14,279,0.0502,6.1
after,2026-07-15,26,341,0.0762,6.7
after,2026-07-16,15,254,0.0591,4.7
after,2026-07-17,17,202,0.0842,4.6
after,2026-07-18,7,183,0.0383,7.4
after,2026-07-19,13,202,0.0644,6.4
after,2026-07-20,29,342,0.0848,4.8
after,2026-07-21,9,358,0.0251,5.6
after,2026-07-22,12,515,0.0233,10.5
after,2026-07-23,17,290,0.0586,6.8
after,2026-07-24,13,662,0.0196,6.1
after,2026-07-25,7,972,0.0072,7.3
after,2026-07-26,12,693,0.0173,7.1
after,2026-07-27,12,911,0.0132,6.6
after,2026-07-28,9,440,0.0205,6.2
after,2026-07-29,16,297,0.0539,6.6
after,2026-07-30,6,276,0.0217,6.4
after,2026-07-31,11,242,0.0455,6.1
after,2026-08-01,6,213,0.0282,7.1
after,2026-08-02,7,155,0.0452,10.3
after,2026-08-03,14,309,0.0453,5.4
after,2026-08-04,24,409,0.0587,5.3
after,2026-08-05,13,386,0.0337,6.7
after,2026-08-06,17,629,0.027,6.1
after,2026-08-07,13,396,0.0328,5.4
after,2026-08-08,15,219,0.0685,5.3
after,2026-08-09,9,237,0.038,5.9
after,2026-08-10,12,305,0.0393,6.7
after,2026-08-11,8,304,0.0263,5.2
after,2026-08-12,13,383,0.0339,7.4
after,2026-08-13,15,313,0.0479,6.1
after,2026-08-14,9,245,0.0367,6.0
after,2026-08-15,12,203,0.0591,5.8
after,2026-08-16,12,232,0.0517,10.3
after,2026-08-17,22,477,0.0461,8.5
after,2026-08-18,23,467,0.0493,7.4
after,2026-08-19,17,488,0.0348,8.7
after,2026-08-20,16,386,0.0415,6.9
after,2026-08-21,15,282,0.0532,7.8
after,2026-08-22,14,211,0.0664,7.7
after,2026-08-23,10,200,0.05,9.1
after,2026-08-24,27,366,0.0738,6.9
after,2026-08-25,24,452,0.0531,7.3
after,2026-08-26,11,396,0.0278,7.7
after,2026-08-27,13,434,0.03,8.0
after,2026-08-28,12,371,0.0323,8.5
after,2026-08-29,8,399,0.0201,8.4
after,2026-08-30,15,442,0.0339,9.5
after,2026-08-31,18,516,0.0349,6.5
after,2026-09-01,20,629,0.0318,7.2
after,2026-09-02,26,575,0.0452,6.4
after,2026-09-03,34,693,0.0491,7.6
after,2026-09-04,20,577,0.0347,8.1
after,2026-09-05,14,620,0.0226,7.7
after,2026-09-06,10,544,0.0184,8.9
after,2026-09-07,17,593,0.0287,8.3
after,2026-09-08,20,534,0.0375,7.7
after,2026-09-09,35,641,0.0546,5.6
after,2026-09-10,24,413,0.0581,6.2
after,2026-09-11,14,309,0.0453,5.6
after,2026-09-12,8,206,0.0388,10.4
after,2026-09-13,14,279,0.0502,7.9
