dateRange,country,clicks,impressions,ctr,position
before,usa,869,25955,0.0335,14.9
before,gbr,238,3099,0.0768,11.0
before,ita,212,10029,0.0211,11.6
before,deu,105,3552,0.0296,14.8
before,fra,101,2359,0.0428,17.4
before,can,73,1433,0.0509,11.9
before,aus,70,919,0.0762,10.9
before,esp,51,1734,0.0294,20.7
before,jpn,33,350,0.0943,10.1
before,arg,24,733,0.0327,15.3
before,phl,23,484,0.0475,14.1
before,bra,19,2046,0.0093,27.5
before,tur,19,407,0.0467,9.6
before,ind,18,1118,0.0161,22.3
before,mex,18,1179,0.0153,17.2
before,chl,17,593,0.0287,10.8
before,nld,14,779,0.018,11.9
before,pol,13,340,0.0382,8.3
before,col,12,607,0.0198,17.8
before,cze,11,127,0.0866,9.5
before,irl,11,245,0.0449,13.9
before,bel,10,416,0.024,10.0
before,kor,10,620,0.0161,31.8
before,sau,10,210,0.0476,14.3
before,aut,9,281,0.032,10.9
before,che,9,602,0.015,16.6
before,dnk,9,102,0.0882,8.3
before,nzl,9,156,0.0577,23.8
before,swe,9,168,0.0536,9.1
before,nor,7,169,0.0414,9.5
before,ecu,6,268,0.0224,20.2
before,isr,6,103,0.0583,12.8
before,grc,5,69,0.0725,6.7
before,pak,5,150,0.0333,27.0
before,fin,4,76,0.0526,7.0
before,per,4,427,0.0094,12.7
before,chn,3,50,0.06,5.4
before,cri,3,62,0.0484,12.7
before,hkg,3,74,0.0405,7.2
before,lka,3,30,0.1,5.5
before,mys,3,228,0.0132,28.6
before,pry,3,76,0.0395,19.5
before,ury,3,162,0.0185,11.5
before,bgr,2,59,0.0339,10.8
before,hun,2,63,0.0317,13.3
before,irn,2,69,0.029,11.9
before,lva,2,27,0.0741,15.7
before,nga,2,105,0.019,24.6
before,pan,2,70,0.0286,17.0
before,prt,2,108,0.0185,9.7
before,reu,2,19,0.1053,8.6
before,rus,2,344,0.0058,36.6
before,ukr,2,139,0.0144,29.8
before,are,1,93,0.0108,14.6
before,bol,1,107,0.0093,18.9
before,cod,1,53,0.0189,19.1
before,egy,1,141,0.0071,14.0
before,gha,1,28,0.0357,19.3
before,gtm,1,75,0.0133,10.5
before,hrv,1,32,0.0312,14.8
before,idn,1,311,0.0032,21.0
before,mar,1,226,0.0044,14.8
before,mdg,1,51,0.0196,11.7
before,mrt,1,7,0.1429,8.6
before,rou,1,86,0.0116,16.5
before,sen,1,96,0.0104,10.8
before,sgp,1,101,0.0099,16.3
before,srb,1,48,0.0208,12.6
before,sxm,1,6,0.1667,10.8
before,tgo,1,33,0.0303,9.8
before,tha,1,133,0.0075,14.5
before,twn,1,165,0.0061,22.6
before,ven,1,164,0.0061,22.5
before,zaf,1,201,0.005,27.2
before,abw,0,2,0,5.5
before,afg,0,3,0,66
before,ago,0,10,0,19.8
before,alb,0,41,0,18.5
before,and,0,2,0,55.5
before,arm,0,18,0,15.3
before,atg,0,2,0,14
before,aze,0,32,0,16.2
before,ben,0,12,0,8.9
before,bes,0,1,0,61
before,bfa,0,27,0,14.2
before,bgd,0,107,0,35.3
before,bhr,0,18,0,10.7
before,bhs,0,10,0,26.7
before,bih,0,24,0,12.1
before,blr,0,27,0,16.4
before,blz,0,8,0,36.8
before,bmu,0,8,0,14.6
before,brb,0,17,0,29.3
before,brn,0,6,0,12.5
before,bwa,0,3,0,7.7
before,caf,0,1,0,10
before,civ,0,41,0,14.4
before,cmr,0,57,0,12.9
before,cog,0,12,0,15.2
before,com,0,8,0,9.5
before,cub,0,17,0,7.3
before,cuw,0,2,0,7.5
before,cym,0,3,0,40.7
before,cyp,0,22,0,21.1
before,dji,0,4,0,10.8
before,dom,0,69,0,25.1
before,dza,0,157,0,13.4
before,esh,0,1,0,73
before,est,0,8,0,8.4
before,eth,0,9,0,27.9
before,fji,0,2,0,38
before,fsm,0,1,0,13
before,gab,0,54,0,11.5
before,geo,0,23,0,18.0
before,gin,0,11,0,20.9
before,glp,0,3,0,7.3
before,gnb,0,2,0,11
before,gnq,0,3,0,10
before,grd,0,3,0,15.3
before,guf,0,3,0,21
before,gum,0,5,0,9
before,guy,0,3,0,31
before,hnd,0,28,0,21.1
before,hti,0,82,0,15.9
before,imn,0,1,0,4
before,irq,0,96,0,22.5
before,isl,0,6,0,4.7
before,jam,0,29,0,30.7
before,jey,0,2,0,9
before,jor,0,54,0,9.6
before,kaz,0,36,0,22.8
before,ken,0,48,0,34.4
before,kgz,0,6,0,25.2
before,khm,0,19,0,35.7
before,kna,0,5,0,4.6
before,kwt,0,16,0,20.8
before,lao,0,5,0,17.2
before,lbn,0,77,0,7.8
before,lbr,0,3,0,7
before,lby,0,13,0,12.7
before,lca,0,2,0,13.5
before,ltu,0,38,0,21.2
before,lux,0,42,0,9.7
before,mac,0,3,0,23.3
before,mco,0,1,0,12
before,mda,0,11,0,26.9
before,mkd,0,5,0,17.2
before,mli,0,15,0,11.5
before,mlt,0,12,0,10.7
before,mmr,0,19,0,17.3
before,mne,0,1,0,1
before,mng,0,3,0,6.7
before,mtq,0,4,0,8.5
before,mus,0,8,0,8.9
before,mwi,0,3,0,21.7
before,myt,0,1,0,12
before,nam,0,2,0,4
before,ncl,0,2,0,9
before,ner,0,8,0,13
before,nic,0,24,0,11.2
before,npl,0,34,0,29.2
before,omn,0,24,0,27.2
before,png,0,1,0,4
before,pri,0,41,0,11.2
before,pse,0,5,0,26.4
before,pyf,0,1,0,1
before,qat,0,22,0,21.6
before,rwa,0,3,0,19.7
before,sle,0,1,0,35
before,slv,0,28,0,21.7
before,smr,0,8,0,16
before,som,0,3,0,8
before,ssd,0,1,0,2
before,stp,0,1,0,6
before,sur,0,2,0,8
before,svk,0,17,0,4.5
before,svn,0,22,0,12.6
before,swz,0,6,0,5.7
before,syc,0,3,0,49
before,syr,0,11,0,17.6
before,tca,0,1,0,66
before,tcd,0,8,0,17.6
before,tjk,0,1,0,1
before,tkm,0,1,0,9
before,tto,0,23,0,45.1
before,tun,0,79,0,16.9
before,tza,0,7,0,58.6
before,uga,0,20,0,9.7
before,uzb,0,37,0,24.1
before,vgb,0,1,0,43
before,vnm,0,281,0,39.3
before,xkk,0,2,0,13
before,yem,0,3,0,26.7
before,zmb,0,9,0,4.3
before,zwe,0,10,0,22.7
before,zzz,0,43,0,15.8
after,usa,2503,72644,0.0345,9.1
after,gbr,1010,11433,0.0883,3.3
after,fra,693,4456,0.1555,4.4
after,deu,560,7983,0.0701,4.0
after,can,243,4523,0.0537,5.9
after,ita,239,3202,0.0746,4.9
after,aus,235,2158,0.1089,3.3
after,esp,142,2534,0.056,10.8
after,aut,63,681,0.0925,3.3
after,pol,60,673,0.0892,3.6
after,bra,59,3029,0.0195,7.1
after,nld,57,1746,0.0326,4.6
after,dnk,53,898,0.059,1.9
after,ind,49,2197,0.0223,7.9
after,tur,42,819,0.0513,7.6
after,che,41,750,0.0547,4.4
after,col,30,822,0.0365,6.9
after,irl,29,602,0.0482,4.7
after,swe,29,457,0.0635,3.5
after,bel,28,597,0.0469,4.0
after,jpn,24,911,0.0263,4.6
after,mex,22,1700,0.0129,7.8
after,isr,21,327,0.0642,7.7
after,prt,20,350,0.0571,5.7
after,chl,16,654,0.0245,6.8
after,fin,16,384,0.0417,3.6
after,lbn,16,166,0.0964,5.2
after,nor,16,435,0.0368,3.4
after,hun,15,134,0.1119,3.3
after,cze,14,266,0.0526,3.6
after,arg,13,808,0.0161,9.0
after,ury,13,201,0.0647,8.4
after,lva,12,60,0.2,5.2
after,egy,11,322,0.0342,17.9
after,twn,11,393,0.028,4.4
after,hkg,10,424,0.0236,6.1
after,grc,9,239,0.0377,3.7
after,phl,9,755,0.0119,12.3
after,rou,9,198,0.0455,4.5
after,mys,8,611,0.0131,8.5
after,vnm,8,923,0.0087,15.9
after,pri,7,104,0.0673,6.5
after,irn,5,129,0.0388,5.9
after,zaf,5,282,0.0177,6.3
after,are,4,248,0.0161,6.4
after,aze,4,64,0.0625,9.5
after,cyp,4,40,0.1,3.8
after,nga,4,213,0.0188,12.5
after,pry,4,90,0.0444,12.0
after,rus,4,374,0.0107,9.5
after,sau,4,373,0.0107,9.7
after,brb,3,29,0.1034,5.5
after,ecu,3,338,0.0089,10.8
after,lux,3,55,0.0545,4.8
after,nzl,3,162,0.0185,6.7
after,pak,3,288,0.0104,14.4
after,pan,3,142,0.0211,11.3
after,pse,3,58,0.0517,10.0
after,sgp,3,7819,0.0004,7.5
after,ukr,3,161,0.0186,8.7
after,arm,2,40,0.05,5.3
after,bgd,2,283,0.0071,15.1
after,chn,2,604,0.0033,8.1
after,hrv,2,87,0.023,5.4
after,imn,2,11,0.1818,1.9
after,irq,2,228,0.0088,17.6
after,kor,2,632,0.0032,5.5
after,mdg,2,28,0.0714,5.6
after,per,2,338,0.0059,6.3
after,reu,2,19,0.1053,4.2
after,tha,2,389,0.0051,12.1
after,uga,2,25,0.08,8.4
after,bfa,1,15,0.0667,4
after,bgr,1,52,0.0192,6.2
after,cri,1,99,0.0101,10.2
after,cub,1,27,0.037,9.2
after,dza,1,242,0.0041,16.6
after,gmb,1,2,0.5,2
after,gtm,1,70,0.0143,6.7
after,idn,1,500,0.002,11.7
after,jey,1,11,0.0909,1.6
after,ken,1,133,0.0075,8.7
after,khm,1,25,0.04,7.8
after,lka,1,34,0.0294,6.1
after,ltu,1,59,0.0169,3.8
after,mkd,1,25,0.04,8.2
after,mlt,1,12,0.0833,4.8
after,moz,1,29,0.0345,7.6
after,tun,1,132,0.0076,8.9
after,ven,1,259,0.0039,15.4
after,xkk,1,10,0.1,4.5
after,abw,0,1,0,1
after,afg,0,6,0,11.8
after,ago,0,44,0,10.2
after,ala,0,1,0,57
after,alb,0,42,0,8.1
after,and,0,3,0,4
after,asm,0,2,0,6.5
after,atg,0,2,0,2.5
after,bdi,0,3,0,9
after,ben,0,5,0,12.8
after,bhr,0,17,0,7.5
after,bhs,0,23,0,5.3
after,bih,0,66,0,6
after,blr,0,39,0,10.9
after,blz,0,5,0,5.8
after,bmu,0,5,0,6
after,bol,0,78,0,13.1
after,brn,0,2,0,6
after,btn,0,2,0,15
after,bwa,0,6,0,8.7
after,caf,0,1,0,3
after,civ,0,43,0,8.3
after,cmr,0,34,0,6.0
after,cod,0,123,0,7.6
after,cog,0,13,0,17
after,cpv,0,1,0,6
after,cuw,0,5,0,4.8
after,cym,0,4,0,6.2
after,dma,0,2,0,8
after,dom,0,90,0,7.2
after,esh,0,1,0,11
after,est,0,28,0,3.8
after,eth,0,79,0,17.2
after,fji,0,2,0,1
after,fro,0,7,0,2.4
after,fsm,0,1,0,1
after,gab,0,14,0,16.9
after,geo,0,27,0,13.1
after,ggy,0,7,0,1.3
after,gha,0,41,0,7.6
after,gib,0,4,0,1
after,gin,0,5,0,3
after,glp,0,6,0,3.5
after,gnb,0,1,0,10
after,grd,0,6,0,4.5
after,grl,0,3,0,1.3
after,guf,0,1,0,2
after,gum,0,2,0,5
after,guy,0,10,0,2.8
after,hnd,0,43,0,7.3
after,hti,0,5,0,9.4
after,isl,0,25,0,3.4
after,jam,0,58,0,8.4
after,jor,0,96,0,17.0
after,kaz,0,78,0,13.2
after,kgz,0,6,0,18
after,kna,0,5,0,4.2
after,kwt,0,50,0,7.8
after,lao,0,3,0,7
after,lbr,0,5,0,10.8
after,lby,0,19,0,10.2
after,lca,0,3,0,6
after,lie,0,1,0,8
after,lso,0,3,0,12.3
after,mac,0,19,0,10.3
after,maf,0,1,0,8
after,mar,0,290,0,17.8
after,mco,0,1,0,5
after,mda,0,18,0,7.6
after,mdv,0,3,0,1
after,mli,0,1,0,43
after,mmr,0,16,0,13.9
after,mne,0,9,0,3.8
after,mng,0,17,0,10.1
after,mrt,0,12,0,8
after,mtq,0,7,0,6.6
after,mus,0,8,0,8.9
after,mwi,0,5,0,11.4
after,myt,0,1,0,1
after,nam,0,5,0,3.6
after,ncl,0,2,0,4.5
after,ner,0,3,0,4.7
after,nic,0,52,0,13.9
after,npl,0,53,0,8.6
after,omn,0,85,0,18.5
after,png,0,8,0,5.2
after,qat,0,51,0,7.5
after,rwa,0,5,0,9.6
after,sdn,0,12,0,7
after,sen,0,40,0,16.4
after,slb,0,2,0,5
after,sle,0,2,0,10.5
after,slv,0,30,0,10
after,som,0,5,0,6.8
after,srb,0,72,0,4.5
after,ssd,0,1,0,9
after,stp,0,1,0,10
after,sur,0,7,0,7.3
after,svk,0,45,0,3.9
after,svn,0,27,0,4.9
after,swz,0,3,0,5
after,sxm,0,3,0,4.3
after,syc,0,12,0,14.5
after,syr,0,30,0,8.6
after,tca,0,2,0,8
after,tcd,0,4,0,1.5
after,tgo,0,11,0,19.8
after,tjk,0,2,0,8.5
after,ton,0,4,0,4.5
after,tto,0,49,0,9.6
after,tza,0,16,0,4.7
after,uzb,0,52,0,11.3
after,vct,0,1,0,8
after,vir,0,3,0,8
after,yem,0,4,0,4
after,zmb,0,43,0,8.4
after,zwe,0,16,0,9.1
after,zzz,0,18,0,5.7
