"Givebutter Contact ID","Contact External ID","Contact Since","Prefix","First Name","Preferred First Name","Middle Name","Last Name","Suffix","Date of Birth","Gender","Pronouns","Employer","Title","Primary Email","Additional Emails","Primary Phone","Additional Phones","Address Line 1","Address Line 2","City","State","Postal Code","Country","Additional Addresses","Website","Twitter","LinkedIn","Facebook","TikTok","Instagram","Recurring Contributions","Total Contributions","Last Donation Amount","Total Soft Credits","Engage Email Subscribed","Engage SMS Subscribed","Engage Mail Subscribed","Tags","Notes","Household ID","Household","Household Primary Contact","Date Created (UTC)","Last Modified (UTC)","BBSOAS Child Name (First & Last)","Patient Registry Notes","Completed Additional Patient Registry Surveys (exc.Health&Dev)","Uploaded Genetic Report","Completed Health & Development survey (1st survey)","Child's Birthday","ARCHIVED Patient Number","Patient Number"
"24591214","","2025-06-08 00:00:00","","Tripp","","","Vinson","","","","","","","tripp@vinsonfilms.com","cnthiam@tmgla.com","+13104901922","+13102710300","4502 Gentry Ave","","Studio City","CA","91607","USA","4502 Gentry Ave, Studio City, CA 91607, USA; 8383 Wilshire Blvd, 400, Beverly Hill, CA 90211, USA","","","","","","","$0.00","$11,625.00","$5,000.00","$0.00","TRUE","TRUE","TRUE","Website Form, Parent","Mailchimp export May 2262","","","FALSE","2025-06-08 20:30:30","2026-05-17 16:26:23","Luca Vinson","","No","Yes","No","5/29/2012","0","62"
"18581586","","2024-12-03 00:00:00","","Melissa","","","Thelen","","","","","","","mmmackey@yahoo.com","melissa.thelen@nr2f1.org","+14159486279","","1264 Fairstead Ln","","Pittsburgh","PA","15217","USA","1264 Fairstead Lane, Pittsburgh, PA 15217, USA","","","","","","","$0.00","$750.00","$500.00","$0.00","TRUE","TRUE","TRUE","Parent, Newsletter, Board Member, Facebook Fundraiser, Patient Registry Completed H&D survey only, Biorepository, Conference 2022 in person, Conference 2024 in person","Mailchimp export May 2140","5574","Thelen Household","TRUE","2024-12-03 13:44:52","2026-01-17 01:41:26","Haley Thelen","","No","Yes","No","11/5/16","68","68"
"8900591","","2024-02-07 00:00:00","","Nesrine","","","Tiss","","","","","","","nesrine.tiss@nr2f1.org","nesrine.tiss@gmail.com, tiss_nes@yahoo.fr","+13394406392","+33650475906, +19784296265","190 Bridge Street","Unit 2215","Salem","MA","01970","USA","145 Rue de Vaugirard, Paris 75015, FRA; 98 Bridge Street, Salem, MA 01970, USA; 190 Bridge St, Apt 2215, Salem, MA 01970, USA; 190 Bridge Street, Unit 2215, Salem, MA 01970, USA","","","","","","","$0.00","$1,115.00","$100.00","$0.00","TRUE","TRUE","TRUE","Parent, Newsletter, Newsletter Signup, BBSOAS Parent and/or Patient, Conference 2024 in person, parent support group, Volunteer, Biorepository, Board Member","","","","FALSE","2024-02-07 21:36:03","2026-04-10 15:14:31","Mathilde Berquet","","No","Yes","No","5/18/20","169","169"
"7117033","","2023-11-29 00:00:00","","Janine and Clay","","","Smith","","","","","","","family@oursmiths.com","janine@oursmiths.com","+15597198343","","2105 Malvern Rd","","Rock Hill","SC","29732","USA","00, Rock Hill, SC, 00, USA","","","","","","","$0.00","$3,100.00","$200.00","$200.00","TRUE","FALSE","TRUE","Parent, Newsletter, Patient Registry No Surveys, 2023 parent, Conference 2024 in person, parent support group, Biorepository","Yancy","","","FALSE","2023-11-29 01:18:33","2026-05-22 22:04:06","Yancy","","No","Yes","No","8/14/21","190","190"
"7095513","","2023-11-28 00:00:00","","Darragh","","","Andrews","","","female","","","","darraghdickey@gmail.com","","+447857549651","","6 Joanmount Drive","","Belfast","Northern Ireland","BT14 6PB","GBR","6 Joanmout Drive, Belfast, BT146PB, IRL; 6 Joanmout Drive, Belfast, Belfast, BT14 6PB, GBR; 6 Joanmout Drive, Belfast, Co.Antrim, BT14 6PB, GBR","","","","","","","$0.00","$312.00","$50.00","$0.00","TRUE","TRUE","TRUE","Website Form, Patient Registry Completed H&D survey only, Adult BBSOAS Patient, Conference 2024 virtual","BBSOAS patient and adult","","","FALSE","2023-11-28 16:15:25","2026-01-17 01:41:26","Darragh Andrews","","No","Yes","No","12/1/97","193","193"
"4184417","","2023-05-24 00:00:00","","Jennifer","","","Coughlin","","","female","","NR2F1 Foundation","President","jennifer.coughlin@nr2f1.org","jenniferkcoughlin@gmail.com","+13465257523","+447734929129","6822 E Warwick Lake Ln","","Spring","TX","77389","USA","20 Gosberton Road, Balham, England, SW12 8LF, GBR; 304 Monmouth Ave, Spring Lake, NJ 07762, USA; 20 Gosberton Road, Balham, London, SW12 8LF, GBR; 20 Gosberton Road, Balham, London, SW12 8LF, GBR; 304 Monmouth Avenue, Spring Lake, NJ 07762, USA; 6822 E Warwick Lake Lane, Spring, TX 77389, USA; 6822 E warwick Lake Lane, Spring , TX 77389, USA; 6822, E Warwick Lake Lane, Spring, TX 77389, USA","","","","","","","$0.00","$13,739.50","$100.00","$0.00","TRUE","TRUE","TRUE","Parent, Board Member, Patient Registry Surveys COMPLETED, Biorepository, Conference 2022 virtual, Conference 2024 in person","","282","Coughlin Household","TRUE","2023-05-24 16:05:54","2026-01-17 01:41:26","Edith Coughlin","","Yes","Yes","Yes","3/19/21","267","267"
"4172253","","2023-05-22 00:00:00","","Penni","","","Jordan","","","","","","","knkdlvr2@aol.com","knkdlvr@aol.com","+12096293329","","497 Argonaut St","Manteca","Manteca","CA","95336","USA","497 Argonaut St, Manteca, CA 95336, USA; 497 Argonaut St Manteca Ca 95336, Manteca, CA 95336, USA; 497 Argonaut St Manteca Ca 95336, Manteca, CA 95336, USA; 497 Argonaut St Manteca Ca 95336, Manteca, CA 95336, USA","","","","","","","$0.00","$750.00","$20.00","$0.00","TRUE","TRUE","TRUE","Parent, Newsletter, Patient Registry Completed H&D survey only, Biorepository, Newsletter Signup, BBSOAS Parent and/or Patient, Conference 2018, Conference 2022 virtual, parent support group, Conference 2024 virtual","Mailchimp export May 2405","","","FALSE","2023-05-22 19:36:47","2026-06-18 21:52:53","Isaac Jordan & Linda Marie Ortegon (mother of Isaac)","","No","Yes","No","Isaac: 9/24/2001","0","287 & 288"
"4172249","","2023-05-22 00:00:00","","Katia","","","Roda","","","","","","","katiarodacrna@gmail.com","","+13054969788","","14325 SW 98th Ct","","Miami","FL","33176","USA","14325 SW 98th Court, Miami, FL 33176, USA","","","","","","","$0.00","$1,450.00","$100.00","$0.00","TRUE","TRUE","TRUE","Parent, Facebook Fundraiser, Patient Registry Surveys COMPLETED, Biorepository, Conference 2018, Conference 2022 in person, Conference 2024 in person, Former Board Member","Mailchimp export May 2397","","","FALSE","2023-05-22 19:36:46","2026-03-14 15:38:37","Nicholas Roda","","Yes","Yes","No","9/21/16","249","249"
"4172192","","2023-05-22 00:00:00","","Carlie","","","Monnier","","","","","NR2F1 Foundation","Vice President","carlie.monnier@nr2f1.org","cwmonnier@gmail.com, fivestar@5statesplus.com","+15596680025","","416 E Kenilworth Ave","","Royal Oak","MI","48067","USA","416 E. Kenilworth Ave, Royal Oak, MI 48067, USA","","","","","","","$0.00","$1,011.27","$100.00","$0.00","FALSE","TRUE","TRUE","Parent, Newsletter, Board Member, Patient Registry Surveys COMPLETED, Biorepository, 2023 parent, Conference 2018, Conference 2022 virtual, Conference 2022 in person, Conference 2024 in person","Mailchimp export May 2319
Mailchimp export May 2198","","","FALSE","2023-05-22 19:36:43","2026-06-01 15:39:10","Sidelle Perman Monnier","","Yes","Yes","Yes","31-Aug-12","312","312"
"4172115","","2023-05-22 00:00:00","","Megan","","","Dahling","","","","","","","mnfroisland@yahoo.com","","+15074217594","","719 1st St Nw","Plainview","Plainview","VA","55964","USA","719 1ST ST NW, PLAINVIEW, MN 55964, USA","","","","","","","$0.00","$75.00","$20.00","$0.00","TRUE","TRUE","TRUE","Parent, Newsletter, Website Form, Facebook Fundraiser, Patient Registry Surveys COMPLETED, Biorepository, Conference 2018, Conference 2022 in person, Conference 2024 in person","Mailchimp export May 2211","","","FALSE","2023-05-22 19:36:35","2026-01-17 01:41:26","Madalyn Dahling","","Yes","Yes","No","8/13/11","209","209"
"4172036","","2023-05-22 00:00:00","","Heather","","","Eichten","","","","","","","heather.eichten@gmail.com","","+16519835117","","419 Arrowhead Drive","","Lino Lakes","MN","55014","USA","1387 Hunters Ridge, Lino Lakes, MN 55038, USA","","","","","","","$0.00","$155.00","$100.00","$0.00","TRUE","TRUE","TRUE","Parent, Newsletter, Website Form, Volunteer, Patient Registry Surveys COMPLETED, Conference 2018, Conference 2022 virtual, Conference 2024 virtual","Mailchimp export May 2105","","","FALSE","2023-05-22 19:36:30","2026-03-23 17:09:22","Ardyn Eichten","","Yes","Yes","No","7/12/11","172","172"
"4171498","","2023-05-22 00:00:00","","Ashlee","","","ManjonStierstorfer","","","","","","","ashlee.manjon@nr2f1.org","alstierstorfer@gmail.com","+16028210070","","1717 E Grandview Rd","","Phoenix","AZ","85022-6222","USA","2444 W Hearn Rd, Phoenix, AZ 85023, USA","","","","","","","$0.00","$180.00","$25.00","$0.00","TRUE","TRUE","TRUE","Parent, Newsletter, Website Form, Board Member, Facebook Fundraiser, Patient Registry Surveys COMPLETED, Biorepository, Conference 2022 virtual, Conference 2024 in person","Mailchimp export May 2350
Mailchimp export May 2396","","","FALSE","2023-05-22 18:40:06","2026-03-19 20:01:16","Emma Manjon-Stierstorfer","","Yes","Yes","No","8/3/17","173","173"